accession	patient	timepoint	genotype	country	collection_date
KX111382	cate	1	1b	Italy	1993-06-09
KX111383	cate	1	1b	Italy	1993-06-09
KX111384	cate	1	1b	Italy	1993-06-09
KX111385	cate	1	1b	Italy	1993-06-09
KX111386	cate	1	1b	Italy	1993-06-09
KX111387	cate	1	1b	Italy	1993-06-09
KX111388	cate	1	1b	Italy	1993-06-09
KX111389	cate	1	1b	Italy	1993-06-09
KX111390	cate	1	1b	Italy	1993-06-09
KX111391	cate	1	1b	Italy	1993-06-09
KX111392	cate	1	1b	Italy	1993-06-09
KX111393	cate	1	1b	Italy	1993-06-09
KX111394	cate	1	1b	Italy	1993-06-09
KX111395	cate	1	1b	Italy	1993-06-09
KX111396	cate	1	1b	Italy	1993-06-09
KX111397	cate	1	1b	Italy	1993-06-09
KX111398	cate	1	1b	Italy	1993-06-09
KX111399	cate	1	1b	Italy	1993-06-09
KX111400	cate	1	1b	Italy	1993-06-09
KX111401	cate	1	1b	Italy	1993-06-09
KX111402	cate	1	1b	Italy	1993-06-09
KX111403	cate	1	1b	Italy	1993-06-09
KX111404	cate	1	1b	Italy	1993-06-09
KX111405	cate	1	1b	Italy	1993-06-09
KX111406	cate	1	1b	Italy	1993-06-09
KX111407	cate	1	1b	Italy	1993-06-09
KX111408	cate	1	1b	Italy	1993-06-09
KX111409	cate	1	1b	Italy	1993-06-09
KX111410	cate	1	1b	Italy	1993-06-09
KX111411	cate	2	1b	Italy	1994-05-30
KX111648	curci	1	1b	Italy	1992-11-16
KX111649	curci	1	1b	Italy	1992-11-16
KX111650	curci	1	1b	Italy	1992-11-16
KX111651	curci	1	1b	Italy	1992-11-16
KX111652	curci	1	1b	Italy	1992-11-16
KX111653	curci	1	1b	Italy	1992-11-16
KX111654	curci	1	1b	Italy	1992-11-16
KX111655	curci	1	1b	Italy	1992-11-16
KX111656	curci	1	1b	Italy	1992-11-16
KX111657	curci	1	1b	Italy	1992-11-16
KX111658	curci	1	1b	Italy	1992-11-16
KX111659	curci	1	1b	Italy	1992-11-16
KX111660	curci	1	1b	Italy	1992-11-16
KX111661	curci	1	1b	Italy	1992-11-16
KX111662	curci	1	1b	Italy	1992-11-16
KX111663	curci	1	1b	Italy	1992-11-16
KX111664	curci	1	1b	Italy	1992-11-16
KX111665	curci	1	1b	Italy	1992-11-16
KX111666	curci	1	1b	Italy	1992-11-16
KX111667	curci	1	1b	Italy	1992-11-16
KX111668	curci	1	1b	Italy	1992-11-16
KX111669	curci	1	1b	Italy	1992-11-16
KX111670	curci	1	1b	Italy	1992-11-16
KX111671	curci	2	1b	Italy	1994-09-16
KX111672	curci	2	1b	Italy	1994-09-16
KX111673	curci	2	1b	Italy	1994-09-16
KX111674	curci	2	1b	Italy	1994-09-16
KX111675	curci	2	1b	Italy	1994-09-16
KX111676	curci	2	1b	Italy	1994-09-16
KX111677	curci	2	1b	Italy	1994-09-16
KX111864	ferr	1	1b	Italy	1992-07-15
KX111865	ferr	1	1b	Italy	1992-07-15
KX111866	ferr	1	1b	Italy	1992-07-15
KX111867	ferr	1	1b	Italy	1992-07-15
KX111868	ferr	1	1b	Italy	1992-07-15
KX111869	ferr	1	1b	Italy	1992-07-15
KX111870	ferr	1	1b	Italy	1992-07-15
KX111871	ferr	1	1b	Italy	1992-07-15
KX111872	ferr	1	1b	Italy	1992-07-15
KX111873	ferr	1	1b	Italy	1992-07-15
KX111874	ferr	1	1b	Italy	1992-07-15
KX111875	ferr	1	1b	Italy	1992-07-15
KX111876	ferr	1	1b	Italy	1992-07-15
KX111877	ferr	1	1b	Italy	1992-07-15
KX111878	ferr	1	1b	Italy	1992-07-15
KX111879	ferr	1	1b	Italy	1992-07-15
KX111880	ferr	1	1b	Italy	1992-07-15
KX111881	ferr	1	1b	Italy	1992-07-15
KX111882	ferr	1	1b	Italy	1992-07-15
KX111883	ferr	1	1b	Italy	1992-07-15
KX111884	ferr	1	1b	Italy	1992-07-15
KX111885	ferr	1	1b	Italy	1992-07-15
KX111886	ferr	1	1b	Italy	1992-07-15
KX111887	ferr	1	1b	Italy	1992-07-15
KX111888	ferr	1	1b	Italy	1992-07-15
KX111889	ferr	1	1b	Italy	1992-07-15
KX111890	ferr	1	1b	Italy	1992-07-15
KX111891	ferr	1	1b	Italy	1992-07-15
KX111892	ferr	1	1b	Italy	1992-07-15
KX111893	ferr	1	1b	Italy	1992-07-15
KX111996	pila	1	1b	Italy	1992-10-05
KX111997	pila	1	1b	Italy	1992-10-05
KX111998	pila	1	1b	Italy	1992-10-05
KX111999	pila	1	1b	Italy	1992-10-05
KX112000	pila	1	1b	Italy	1992-10-05
KX112001	pila	1	1b	Italy	1992-10-05
KX112002	pila	1	1b	Italy	1992-10-05
KX112003	pila	1	1b	Italy	1992-10-05
KX112004	pila	1	1b	Italy	1992-10-05
KX112005	pila	1	1b	Italy	1992-10-05
KX112006	pila	1	1b	Italy	1992-10-05
KX112007	pila	1	1b	Italy	1992-10-05
KX112008	pila	1	1b	Italy	1992-10-05
KX112009	pila	1	1b	Italy	1992-10-05
KX112010	pila	1	1b	Italy	1992-10-05
KX112011	pila	1	1b	Italy	1992-10-05
KX112012	pila	1	1b	Italy	1992-10-05
KX112013	pila	1	1b	Italy	1992-10-05
KX112014	pila	1	1b	Italy	1992-10-05
KX112015	pila	1	1b	Italy	1992-10-05
KX112016	pila	1	1b	Italy	1992-10-05
KX112017	pila	1	1b	Italy	1992-10-05
KX112018	pila	1	1b	Italy	1992-10-05
KX112019	pila	1	1b	Italy	1992-10-05
KX112020	pila	1	1b	Italy	1992-10-05
KX112021	pila	1	1b	Italy	1992-10-05
KX112022	pila	1	1b	Italy	1992-10-05
KX112023	pila	1	1b	Italy	1992-10-05
KX112024	pila	1	1b	Italy	1992-10-05
KX112025	pila	1	1b	Italy	1992-10-05
KX112304	ricci	1	1b	Italy	1993-05-05
KX112305	ricci	1	1b	Italy	1993-05-05
KX112306	ricci	1	1b	Italy	1993-05-05
KX112307	ricci	1	1b	Italy	1993-05-05
KX112308	ricci	1	1b	Italy	1993-05-05
KX112309	ricci	1	1b	Italy	1993-05-05
KX112310	ricci	1	1b	Italy	1993-05-05
KX112311	ricci	1	1b	Italy	1993-05-05
KX112312	ricci	1	1b	Italy	1993-05-05
KX112313	ricci	1	1b	Italy	1993-05-05
KX112314	ricci	1	1b	Italy	1993-05-05
KX112315	ricci	1	1b	Italy	1993-05-05
KX112316	ricci	1	1b	Italy	1993-05-05
KX112317	ricci	1	1b	Italy	1993-05-05
KX112318	ricci	1	1b	Italy	1993-05-05
KX112319	ricci	1	1b	Italy	1993-05-05
KX112320	ricci	1	1b	Italy	1993-05-05
KX112321	ricci	1	1b	Italy	1993-05-05
KX112322	ricci	1	1b	Italy	1993-05-05
KX112323	ricci	1	1b	Italy	1993-05-05
KX112324	ricci	1	1b	Italy	1993-05-05
KX112325	ricci	1	1b	Italy	1993-05-05
KX112326	ricci	2	1b	Italy	1994-10-05
KX112327	ricci	2	1b	Italy	1994-10-05
KX112328	ricci	2	1b	Italy	1994-10-05
KX112329	ricci	2	1b	Italy	1994-10-05
KX112330	ricci	2	1b	Italy	1994-10-05
KX112331	ricci	2	1b	Italy	1994-10-05
KX112332	ricci	2	1b	Italy	1994-10-05
KX112333	ricci	2	1b	Italy	1994-10-05
KX112455	roset	1	1b	Italy	1993-10-29
KX112456	roset	1	1b	Italy	1993-10-29
KX112457	roset	1	1b	Italy	1993-10-29
KX112458	roset	1	1b	Italy	1993-10-29
KX112459	roset	1	1b	Italy	1993-10-29
KX112460	roset	1	1b	Italy	1993-10-29
KX112461	roset	1	1b	Italy	1993-10-29
KX112462	roset	1	1b	Italy	1993-10-29
KX112463	roset	1	1b	Italy	1993-10-29
KX112464	roset	1	1b	Italy	1993-10-29
KX112465	roset	1	1b	Italy	1993-10-29
KX112466	roset	1	1b	Italy	1993-10-29
KX112467	roset	1	1b	Italy	1993-10-29
KX112468	roset	1	1b	Italy	1993-10-29
KX112469	roset	1	1b	Italy	1993-10-29
KX112470	roset	1	1b	Italy	1993-10-29
KX112471	roset	1	1b	Italy	1993-10-29
KX112472	roset	1	1b	Italy	1993-10-29
KX112473	roset	1	1b	Italy	1993-10-29
KX112474	roset	1	1b	Italy	1993-10-29
KX112475	roset	1	1b	Italy	1993-10-29
KX112476	roset	1	1b	Italy	1993-10-29
KX112477	roset	1	1b	Italy	1993-10-29
KX112478	roset	1	1b	Italy	1993-10-29
KX112479	roset	1	1b	Italy	1993-10-29
KX112480	roset	1	1b	Italy	1993-10-29
KX112481	roset	1	1b	Italy	1993-10-29
KX112482	roset	1	1b	Italy	1993-10-29
KX112483	roset	1	1b	Italy	1993-10-29
KX112484	roset	1	1b	Italy	1993-10-29
KX112752	russo	1	1b	Italy	1992-09-24
KX112753	russo	1	1b	Italy	1992-09-24
KX112754	russo	1	1b	Italy	1992-09-24
KX112755	russo	1	1b	Italy	1992-09-24
KX112756	russo	1	1b	Italy	1992-09-24
KX112757	russo	1	1b	Italy	1992-09-24
KX112758	russo	1	1b	Italy	1992-09-24
KX112759	russo	1	1b	Italy	1992-09-24
KX112760	russo	1	1b	Italy	1992-09-24
KX112761	russo	1	1b	Italy	1992-09-24
KX112762	russo	1	1b	Italy	1992-09-24
KX112763	russo	1	1b	Italy	1992-09-24
KX112764	russo	1	1b	Italy	1992-09-24
KX112765	russo	1	1b	Italy	1992-09-24
KX112766	russo	1	1b	Italy	1992-09-24
KX112767	russo	1	1b	Italy	1992-09-24
KX112768	russo	1	1b	Italy	1992-09-24
KX112769	russo	1	1b	Italy	1992-09-24
KX112770	russo	1	1b	Italy	1992-09-24
KX112771	russo	1	1b	Italy	1992-09-24
KX112772	russo	1	1b	Italy	1992-09-24
KX112773	russo	1	1b	Italy	1992-09-24
KX112774	russo	1	1b	Italy	1992-09-24
KX112775	russo	1	1b	Italy	1992-09-24
KX112776	russo	1	1b	Italy	1992-09-24
KX112777	russo	2	1b	Italy	1993-07-01
KX112778	russo	2	1b	Italy	1993-07-01
KX112779	russo	2	1b	Italy	1993-07-01
KX112780	russo	2	1b	Italy	1993-07-01
KX112781	russo	2	1b	Italy	1993-07-01
KX112967	vern	1	1b	Italy	1992-11-14
KX112968	vern	1	1b	Italy	1992-11-14
KX112969	vern	1	1b	Italy	1992-11-14
KX112970	vern	1	1b	Italy	1992-11-14
KX112971	vern	1	1b	Italy	1992-11-14
KX112972	vern	1	1b	Italy	1992-11-14
KX112973	vern	1	1b	Italy	1992-11-14
KX112974	vern	1	1b	Italy	1992-11-14
KX112975	vern	1	1b	Italy	1992-11-14
KX112976	vern	1	1b	Italy	1992-11-14
KX112977	vern	1	1b	Italy	1992-11-14
KX112978	vern	1	1b	Italy	1992-11-14
KX112979	vern	1	1b	Italy	1992-11-14
KX112980	vern	1	1b	Italy	1992-11-14
KX112981	vern	1	1b	Italy	1992-11-14
KX112982	vern	1	1b	Italy	1992-11-14
KX112983	vern	1	1b	Italy	1992-11-14
KX112984	vern	1	1b	Italy	1992-11-14
KX112985	vern	1	1b	Italy	1992-11-14
KX112986	vern	1	1b	Italy	1992-11-14
KX112987	vern	1	1b	Italy	1992-11-14
KX112988	vern	1	1b	Italy	1992-11-14
KX112989	vern	1	1b	Italy	1992-11-14
KX112990	vern	1	1b	Italy	1992-11-14
KX112991	vern	1	1b	Italy	1992-11-14
KX112992	vern	1	1b	Italy	1992-11-14
KX112993	vern	1	1b	Italy	1992-11-14
KX112994	vern	1	1b	Italy	1992-11-14
KX112995	vern	1	1b	Italy	1992-11-14
KX112996	vern	1	1b	Italy	1992-11-14
