sample,cluster,num_sequences
KX111382,0,1
KX111383,1,1
KX111384,0,1
KX111385,1,1
KX111386,1,1
KX111387,0,1
KX111388,0,1
KX111389,0,1
KX111390,0,1
KX111391,0,1
KX111392,0,1
KX111393,0,1
KX111394,0,1
KX111395,0,1
KX111396,0,1
KX111397,0,1
KX111398,0,1
KX111399,0,1
KX111400,0,1
KX111401,0,1
KX111402,0,1
KX111403,0,1
KX111404,0,1
KX111405,0,1
KX111406,0,1
KX111407,0,1
KX111408,0,1
KX111409,0,1
KX111410,0,1
KX111411,0,1
KX111648,2,1
KX111649,2,1
KX111650,2,1
KX111651,2,1
KX111652,2,1
KX111653,2,1
KX111654,2,1
KX111655,2,1
KX111656,2,1
KX111657,2,1
KX111658,2,1
KX111659,2,1
KX111660,2,1
KX111661,2,1
KX111662,2,1
KX111663,2,1
KX111664,2,1
KX111665,2,1
KX111666,2,1
KX111667,2,1
KX111668,2,1
KX111669,2,1
KX111670,2,1
KX111671,2,1
KX111672,2,1
KX111673,2,1
KX111674,2,1
KX111675,2,1
KX111676,2,1
KX111677,2,1
KX111864,3,1
KX111865,3,1
KX111866,3,1
KX111867,4,1
KX111868,4,1
KX111869,4,1
KX111870,4,1
KX111871,4,1
KX111872,4,1
KX111873,4,1
KX111874,4,1
KX111875,4,1
KX111876,4,1
KX111877,4,1
KX111878,4,1
KX111879,4,1
KX111880,4,1
KX111881,4,1
KX111882,4,1
KX111883,4,1
KX111884,4,1
KX111885,5,1
KX111886,5,1
KX111887,5,1
KX111888,5,1
KX111889,5,1
KX111890,5,1
KX111891,5,1
KX111892,5,1
KX111893,5,1
KX111996,6,1
KX111997,6,1
KX111998,6,1
KX111999,6,1
KX112000,6,1
KX112001,6,1
KX112002,6,1
KX112003,6,1
KX112004,6,1
KX112005,6,1
KX112006,6,1
KX112007,6,1
KX112008,6,1
KX112009,6,1
KX112010,6,1
KX112011,6,1
KX112012,6,1
KX112013,6,1
KX112014,6,1
KX112015,6,1
KX112016,6,1
KX112017,6,1
KX112018,6,1
KX112019,6,1
KX112020,6,1
KX112021,6,1
KX112022,6,1
KX112023,6,1
KX112024,6,1
KX112025,6,1
KX112304,7,1
KX112305,7,1
KX112306,7,1
KX112307,7,1
KX112308,7,1
KX112309,7,1
KX112310,7,1
KX112311,7,1
KX112312,7,1
KX112313,7,1
KX112314,7,1
KX112315,7,1
KX112316,7,1
KX112317,7,1
KX112318,7,1
KX112319,7,1
KX112320,7,1
KX112321,7,1
KX112322,7,1
KX112323,7,1
KX112324,7,1
KX112325,7,1
KX112326,7,1
KX112327,7,1
KX112328,7,1
KX112329,7,1
KX112330,7,1
KX112331,7,1
KX112332,7,1
KX112333,7,1
KX112455,8,1
KX112456,8,1
KX112457,8,1
KX112458,8,1
KX112459,8,1
KX112460,8,1
KX112461,8,1
KX112462,8,1
KX112463,8,1
KX112464,8,1
KX112465,8,1
KX112466,8,1
KX112467,8,1
KX112468,8,1
KX112469,8,1
KX112470,8,1
KX112471,8,1
KX112472,8,1
KX112473,8,1
KX112474,8,1
KX112475,8,1
KX112476,8,1
KX112477,8,1
KX112478,8,1
KX112479,8,1
KX112480,8,1
KX112481,8,1
KX112482,8,1
KX112483,8,1
KX112484,8,1
KX112752,9,1
KX112753,9,1
KX112754,9,1
KX112755,9,1
KX112756,9,1
KX112757,9,1
KX112758,9,1
KX112759,9,1
KX112760,9,1
KX112761,9,1
KX112762,9,1
KX112763,9,1
KX112764,9,1
KX112765,9,1
KX112766,9,1
KX112767,9,1
KX112768,9,1
KX112769,9,1
KX112770,9,1
KX112771,9,1
KX112772,9,1
KX112773,9,1
KX112774,9,1
KX112775,9,1
KX112776,9,1
KX112777,10,1
KX112778,10,1
KX112779,10,1
KX112780,10,1
KX112781,10,1
KX112967,11,1
KX112968,11,1
KX112969,11,1
KX112970,11,1
KX112971,11,1
KX112972,11,1
KX112973,11,1
KX112974,11,1
KX112975,11,1
KX112976,11,1
KX112977,11,1
KX112978,11,1
KX112979,11,1
KX112980,11,1
KX112981,11,1
KX112982,11,1
KX112983,11,1
KX112984,11,1
KX112985,11,1
KX112986,11,1
KX112987,11,1
KX112988,11,1
KX112989,11,1
KX112990,11,1
KX112991,11,1
KX112992,11,1
KX112993,11,1
KX112994,11,1
KX112995,11,1
KX112996,11,1
