source,target,minimum_distance,num_seqs_source,num_seqs_target,cluster
KX111382,KX111384,0.05,1,1,0
KX111382,KX111387,0.014583,1,1,0
KX111382,KX111388,0.010417,1,1,0
KX111382,KX111389,0.02935,1,1,0
KX111382,KX111390,0.00625,1,1,0
KX111382,KX111391,0.016667,1,1,0
KX111382,KX111392,0.05,1,1,0
KX111382,KX111393,0.033333,1,1,0
KX111382,KX111394,0.010417,1,1,0
KX111382,KX111395,0.008333,1,1,0
KX111382,KX111396,0.002083,1,1,0
KX111382,KX111397,0.002083,1,1,0
KX111382,KX111398,0.05,1,1,0
KX111382,KX111399,0.002083,1,1,0
KX111382,KX111400,0.014583,1,1,0
KX111382,KX111401,0.010417,1,1,0
KX111382,KX111402,0.05,1,1,0
KX111382,KX111403,0.002083,1,1,0
KX111382,KX111404,0.0125,1,1,0
KX111382,KX111405,0.03125,1,1,0
KX111382,KX111406,0.010417,1,1,0
KX111382,KX111407,0.002083,1,1,0
KX111382,KX111408,0.010417,1,1,0
KX111382,KX111409,0.0125,1,1,0
KX111382,KX111410,0.010417,1,1,0
KX111382,KX111411,0.04375,1,1,0
KX111383,KX111385,0.03125,1,1,0
KX111383,KX111386,0.03125,1,1,0
KX111384,KX111387,0.04375,1,1,0
KX111384,KX111388,0.04375,1,1,0
KX111384,KX111389,0.037736,1,1,0
KX111384,KX111390,0.04375,1,1,0
KX111384,KX111391,0.05,1,1,0
KX111384,KX111392,0.0,1,1,0
KX111384,KX111393,0.041667,1,1,0
KX111384,KX111394,0.047917,1,1,0
KX111384,KX111395,0.045833,1,1,0
KX111384,KX111396,0.047917,1,1,0
KX111384,KX111397,0.047917,1,1,0
KX111384,KX111398,0.0,1,1,0
KX111384,KX111399,0.047917,1,1,0
KX111384,KX111401,0.04375,1,1,0
KX111384,KX111402,0.0,1,1,0
KX111384,KX111403,0.047917,1,1,0
KX111384,KX111404,0.05,1,1,0
KX111384,KX111405,0.039583,1,1,0
KX111384,KX111406,0.04375,1,1,0
KX111384,KX111407,0.047917,1,1,0
KX111384,KX111408,0.047917,1,1,0
KX111384,KX111409,0.05,1,1,0
KX111384,KX111410,0.04375,1,1,0
KX111384,KX111411,0.01875,1,1,0
KX111385,KX111386,0.0,1,1,0
KX111385,KX111387,0.047917,1,1,0
KX111385,KX111389,0.044025,1,1,0
KX111385,KX111390,0.047917,1,1,0
KX111385,KX111393,0.047917,1,1,0
KX111385,KX111395,0.05,1,1,0
KX111385,KX111404,0.05,1,1,0
KX111385,KX111405,0.045833,1,1,0
KX111386,KX111387,0.047917,1,1,0
KX111386,KX111389,0.044025,1,1,0
KX111386,KX111390,0.047917,1,1,0
KX111386,KX111393,0.047917,1,1,0
KX111386,KX111395,0.05,1,1,0
KX111386,KX111404,0.05,1,1,0
KX111386,KX111405,0.045833,1,1,0
KX111387,KX111388,0.008333,1,1,0
KX111387,KX111389,0.023061,1,1,0
KX111387,KX111390,0.008333,1,1,0
KX111387,KX111391,0.014583,1,1,0
KX111387,KX111392,0.04375,1,1,0
KX111387,KX111393,0.027083,1,1,0
KX111387,KX111394,0.004167,1,1,0
KX111387,KX111395,0.00625,1,1,0
KX111387,KX111396,0.0125,1,1,0
KX111387,KX111397,0.0125,1,1,0
KX111387,KX111398,0.04375,1,1,0
KX111387,KX111399,0.0125,1,1,0
KX111387,KX111400,0.0125,1,1,0
KX111387,KX111401,0.008333,1,1,0
KX111387,KX111402,0.04375,1,1,0
KX111387,KX111403,0.0125,1,1,0
KX111387,KX111404,0.010417,1,1,0
KX111387,KX111405,0.025,1,1,0
KX111387,KX111406,0.008333,1,1,0
KX111387,KX111407,0.0125,1,1,0
KX111387,KX111408,0.004167,1,1,0
KX111387,KX111409,0.00625,1,1,0
KX111387,KX111410,0.008333,1,1,0
KX111387,KX111411,0.0375,1,1,0
KX111388,KX111389,0.027254,1,1,0
KX111388,KX111390,0.004167,1,1,0
KX111388,KX111391,0.010417,1,1,0
KX111388,KX111392,0.04375,1,1,0
KX111388,KX111393,0.03125,1,1,0
KX111388,KX111394,0.004167,1,1,0
KX111388,KX111395,0.002083,1,1,0
KX111388,KX111396,0.008333,1,1,0
KX111388,KX111397,0.008333,1,1,0
KX111388,KX111398,0.04375,1,1,0
KX111388,KX111399,0.008333,1,1,0
KX111388,KX111400,0.008333,1,1,0
KX111388,KX111401,0.0,1,1,0
KX111388,KX111402,0.04375,1,1,0
KX111388,KX111403,0.008333,1,1,0
KX111388,KX111404,0.00625,1,1,0
KX111388,KX111405,0.029167,1,1,0
KX111388,KX111406,0.0,1,1,0
KX111388,KX111407,0.008333,1,1,0
KX111388,KX111408,0.004167,1,1,0
KX111388,KX111409,0.00625,1,1,0
KX111388,KX111410,0.0,1,1,0
KX111388,KX111411,0.041667,1,1,0
KX111389,KX111390,0.023061,1,1,0
KX111389,KX111391,0.020964,1,1,0
KX111389,KX111392,0.037736,1,1,0
KX111389,KX111393,0.002096,1,1,0
KX111389,KX111394,0.027254,1,1,0
KX111389,KX111395,0.025157,1,1,0
KX111389,KX111396,0.027254,1,1,0
KX111389,KX111397,0.027254,1,1,0
KX111389,KX111398,0.037736,1,1,0
KX111389,KX111399,0.027254,1,1,0
KX111389,KX111400,0.031447,1,1,0
KX111389,KX111401,0.027254,1,1,0
KX111389,KX111402,0.037736,1,1,0
KX111389,KX111403,0.027254,1,1,0
KX111389,KX111404,0.02935,1,1,0
KX111389,KX111405,0.0,1,1,0
KX111389,KX111406,0.027254,1,1,0
KX111389,KX111407,0.027254,1,1,0
KX111389,KX111408,0.027254,1,1,0
KX111389,KX111409,0.02935,1,1,0
KX111389,KX111410,0.027254,1,1,0
KX111389,KX111411,0.027254,1,1,0
KX111390,KX111391,0.010417,1,1,0
KX111390,KX111392,0.04375,1,1,0
KX111390,KX111393,0.027083,1,1,0
KX111390,KX111394,0.004167,1,1,0
KX111390,KX111395,0.002083,1,1,0
KX111390,KX111396,0.004167,1,1,0
KX111390,KX111397,0.004167,1,1,0
KX111390,KX111398,0.04375,1,1,0
KX111390,KX111399,0.004167,1,1,0
KX111390,KX111400,0.008333,1,1,0
KX111390,KX111401,0.004167,1,1,0
KX111390,KX111402,0.04375,1,1,0
KX111390,KX111403,0.004167,1,1,0
KX111390,KX111404,0.00625,1,1,0
KX111390,KX111405,0.025,1,1,0
KX111390,KX111406,0.004167,1,1,0
KX111390,KX111407,0.004167,1,1,0
KX111390,KX111408,0.004167,1,1,0
KX111390,KX111409,0.00625,1,1,0
KX111390,KX111410,0.004167,1,1,0
KX111390,KX111411,0.0375,1,1,0
KX111391,KX111392,0.05,1,1,0
KX111391,KX111393,0.025,1,1,0
KX111391,KX111394,0.010417,1,1,0
KX111391,KX111395,0.008333,1,1,0
KX111391,KX111396,0.014583,1,1,0
KX111391,KX111397,0.014583,1,1,0
KX111391,KX111398,0.05,1,1,0
KX111391,KX111399,0.014583,1,1,0
KX111391,KX111400,0.014583,1,1,0
KX111391,KX111401,0.010417,1,1,0
KX111391,KX111402,0.05,1,1,0
KX111391,KX111403,0.014583,1,1,0
KX111391,KX111404,0.0125,1,1,0
KX111391,KX111405,0.022917,1,1,0
KX111391,KX111406,0.010417,1,1,0
KX111391,KX111407,0.014583,1,1,0
KX111391,KX111408,0.010417,1,1,0
KX111391,KX111409,0.0125,1,1,0
KX111391,KX111410,0.010417,1,1,0
KX111391,KX111411,0.04375,1,1,0
KX111392,KX111393,0.041667,1,1,0
KX111392,KX111394,0.047917,1,1,0
KX111392,KX111395,0.045833,1,1,0
KX111392,KX111396,0.047917,1,1,0
KX111392,KX111397,0.047917,1,1,0
KX111392,KX111398,0.0,1,1,0
KX111392,KX111399,0.047917,1,1,0
KX111392,KX111401,0.04375,1,1,0
KX111392,KX111402,0.0,1,1,0
KX111392,KX111403,0.047917,1,1,0
KX111392,KX111404,0.05,1,1,0
KX111392,KX111405,0.039583,1,1,0
KX111392,KX111406,0.04375,1,1,0
KX111392,KX111407,0.047917,1,1,0
KX111392,KX111408,0.047917,1,1,0
KX111392,KX111409,0.05,1,1,0
KX111392,KX111410,0.04375,1,1,0
KX111392,KX111411,0.01875,1,1,0
KX111393,KX111394,0.03125,1,1,0
KX111393,KX111395,0.029167,1,1,0
KX111393,KX111396,0.03125,1,1,0
KX111393,KX111397,0.03125,1,1,0
KX111393,KX111398,0.041667,1,1,0
KX111393,KX111399,0.03125,1,1,0
KX111393,KX111400,0.035417,1,1,0
KX111393,KX111401,0.03125,1,1,0
KX111393,KX111402,0.041667,1,1,0
KX111393,KX111403,0.03125,1,1,0
KX111393,KX111404,0.033333,1,1,0
KX111393,KX111405,0.002083,1,1,0
KX111393,KX111406,0.03125,1,1,0
KX111393,KX111407,0.03125,1,1,0
KX111393,KX111408,0.03125,1,1,0
KX111393,KX111409,0.033333,1,1,0
KX111393,KX111410,0.03125,1,1,0
KX111393,KX111411,0.03125,1,1,0
KX111394,KX111395,0.002083,1,1,0
KX111394,KX111396,0.008333,1,1,0
KX111394,KX111397,0.008333,1,1,0
KX111394,KX111398,0.047917,1,1,0
KX111394,KX111399,0.008333,1,1,0
KX111394,KX111400,0.008333,1,1,0
KX111394,KX111401,0.004167,1,1,0
KX111394,KX111402,0.047917,1,1,0
KX111394,KX111403,0.008333,1,1,0
KX111394,KX111404,0.00625,1,1,0
KX111394,KX111405,0.029167,1,1,0
KX111394,KX111406,0.004167,1,1,0
KX111394,KX111407,0.008333,1,1,0
KX111394,KX111408,0.0,1,1,0
KX111394,KX111409,0.002083,1,1,0
KX111394,KX111410,0.004167,1,1,0
KX111394,KX111411,0.041667,1,1,0
KX111395,KX111396,0.00625,1,1,0
KX111395,KX111397,0.00625,1,1,0
KX111395,KX111398,0.045833,1,1,0
KX111395,KX111399,0.00625,1,1,0
KX111395,KX111400,0.00625,1,1,0
KX111395,KX111401,0.002083,1,1,0
KX111395,KX111402,0.045833,1,1,0
KX111395,KX111403,0.00625,1,1,0
KX111395,KX111404,0.004167,1,1,0
KX111395,KX111405,0.027083,1,1,0
KX111395,KX111406,0.002083,1,1,0
KX111395,KX111407,0.00625,1,1,0
KX111395,KX111408,0.002083,1,1,0
KX111395,KX111409,0.004167,1,1,0
KX111395,KX111410,0.002083,1,1,0
KX111395,KX111411,0.039583,1,1,0
KX111396,KX111397,0.0,1,1,0
KX111396,KX111398,0.047917,1,1,0
KX111396,KX111399,0.0,1,1,0
KX111396,KX111400,0.0125,1,1,0
KX111396,KX111401,0.008333,1,1,0
KX111396,KX111402,0.047917,1,1,0
KX111396,KX111403,0.0,1,1,0
KX111396,KX111404,0.010417,1,1,0
KX111396,KX111405,0.029167,1,1,0
KX111396,KX111406,0.008333,1,1,0
KX111396,KX111407,0.0,1,1,0
KX111396,KX111408,0.008333,1,1,0
KX111396,KX111409,0.010417,1,1,0
KX111396,KX111410,0.008333,1,1,0
KX111396,KX111411,0.041667,1,1,0
KX111397,KX111398,0.047917,1,1,0
KX111397,KX111399,0.0,1,1,0
KX111397,KX111400,0.0125,1,1,0
KX111397,KX111401,0.008333,1,1,0
KX111397,KX111402,0.047917,1,1,0
KX111397,KX111403,0.0,1,1,0
KX111397,KX111404,0.010417,1,1,0
KX111397,KX111405,0.029167,1,1,0
KX111397,KX111406,0.008333,1,1,0
KX111397,KX111407,0.0,1,1,0
KX111397,KX111408,0.008333,1,1,0
KX111397,KX111409,0.010417,1,1,0
KX111397,KX111410,0.008333,1,1,0
KX111397,KX111411,0.041667,1,1,0
KX111398,KX111399,0.047917,1,1,0
KX111398,KX111401,0.04375,1,1,0
KX111398,KX111402,0.0,1,1,0
KX111398,KX111403,0.047917,1,1,0
KX111398,KX111404,0.05,1,1,0
KX111398,KX111405,0.039583,1,1,0
KX111398,KX111406,0.04375,1,1,0
KX111398,KX111407,0.047917,1,1,0
KX111398,KX111408,0.047917,1,1,0
KX111398,KX111409,0.05,1,1,0
KX111398,KX111410,0.04375,1,1,0
KX111398,KX111411,0.01875,1,1,0
KX111399,KX111400,0.0125,1,1,0
KX111399,KX111401,0.008333,1,1,0
KX111399,KX111402,0.047917,1,1,0
KX111399,KX111403,0.0,1,1,0
KX111399,KX111404,0.010417,1,1,0
KX111399,KX111405,0.029167,1,1,0
KX111399,KX111406,0.008333,1,1,0
KX111399,KX111407,0.0,1,1,0
KX111399,KX111408,0.008333,1,1,0
KX111399,KX111409,0.010417,1,1,0
KX111399,KX111410,0.008333,1,1,0
KX111399,KX111411,0.041667,1,1,0
KX111400,KX111401,0.008333,1,1,0
KX111400,KX111403,0.0125,1,1,0
KX111400,KX111404,0.00625,1,1,0
KX111400,KX111405,0.033333,1,1,0
KX111400,KX111406,0.008333,1,1,0
KX111400,KX111407,0.0125,1,1,0
KX111400,KX111408,0.008333,1,1,0
KX111400,KX111409,0.010417,1,1,0
KX111400,KX111410,0.008333,1,1,0
KX111400,KX111411,0.045833,1,1,0
KX111401,KX111402,0.04375,1,1,0
KX111401,KX111403,0.008333,1,1,0
KX111401,KX111404,0.00625,1,1,0
KX111401,KX111405,0.029167,1,1,0
KX111401,KX111406,0.0,1,1,0
KX111401,KX111407,0.008333,1,1,0
KX111401,KX111408,0.004167,1,1,0
KX111401,KX111409,0.00625,1,1,0
KX111401,KX111410,0.0,1,1,0
KX111401,KX111411,0.041667,1,1,0
KX111402,KX111403,0.047917,1,1,0
KX111402,KX111404,0.05,1,1,0
KX111402,KX111405,0.039583,1,1,0
KX111402,KX111406,0.04375,1,1,0
KX111402,KX111407,0.047917,1,1,0
KX111402,KX111408,0.047917,1,1,0
KX111402,KX111409,0.05,1,1,0
KX111402,KX111410,0.04375,1,1,0
KX111402,KX111411,0.01875,1,1,0
KX111403,KX111404,0.010417,1,1,0
KX111403,KX111405,0.029167,1,1,0
KX111403,KX111406,0.008333,1,1,0
KX111403,KX111407,0.0,1,1,0
KX111403,KX111408,0.008333,1,1,0
KX111403,KX111409,0.010417,1,1,0
KX111403,KX111410,0.008333,1,1,0
KX111403,KX111411,0.041667,1,1,0
KX111404,KX111405,0.03125,1,1,0
KX111404,KX111406,0.00625,1,1,0
KX111404,KX111407,0.010417,1,1,0
KX111404,KX111408,0.00625,1,1,0
KX111404,KX111409,0.008333,1,1,0
KX111404,KX111410,0.00625,1,1,0
KX111404,KX111411,0.04375,1,1,0
KX111405,KX111406,0.029167,1,1,0
KX111405,KX111407,0.029167,1,1,0
KX111405,KX111408,0.029167,1,1,0
KX111405,KX111409,0.03125,1,1,0
KX111405,KX111410,0.029167,1,1,0
KX111405,KX111411,0.029167,1,1,0
KX111406,KX111407,0.008333,1,1,0
KX111406,KX111408,0.004167,1,1,0
KX111406,KX111409,0.00625,1,1,0
KX111406,KX111410,0.0,1,1,0
KX111406,KX111411,0.041667,1,1,0
KX111407,KX111408,0.008333,1,1,0
KX111407,KX111409,0.010417,1,1,0
KX111407,KX111410,0.008333,1,1,0
KX111407,KX111411,0.041667,1,1,0
KX111408,KX111409,0.002083,1,1,0
KX111408,KX111410,0.004167,1,1,0
KX111408,KX111411,0.041667,1,1,0
KX111409,KX111410,0.00625,1,1,0
KX111409,KX111411,0.04375,1,1,0
KX111410,KX111411,0.041667,1,1,0
KX111648,KX111649,0.00211,1,1,1
KX111648,KX111650,0.008333,1,1,1
KX111648,KX111651,0.008439,1,1,1
KX111648,KX111652,0.008333,1,1,1
KX111648,KX111653,0.008333,1,1,1
KX111648,KX111654,0.002083,1,1,1
KX111648,KX111655,0.010417,1,1,1
KX111648,KX111656,0.010417,1,1,1
KX111648,KX111657,0.010417,1,1,1
KX111648,KX111658,0.010417,1,1,1
KX111648,KX111659,0.010482,1,1,1
KX111648,KX111660,0.008333,1,1,1
KX111648,KX111661,0.010417,1,1,1
KX111648,KX111662,0.008333,1,1,1
KX111648,KX111663,0.002083,1,1,1
KX111648,KX111664,0.004167,1,1,1
KX111648,KX111665,0.004167,1,1,1
KX111648,KX111666,0.008333,1,1,1
KX111648,KX111667,0.010417,1,1,1
KX111648,KX111668,0.008333,1,1,1
KX111648,KX111669,0.004167,1,1,1
KX111648,KX111670,0.008333,1,1,1
KX111648,KX111671,0.008333,1,1,1
KX111648,KX111672,0.010417,1,1,1
KX111648,KX111673,0.008333,1,1,1
KX111648,KX111674,0.008333,1,1,1
KX111648,KX111675,0.01875,1,1,1
KX111648,KX111676,0.010417,1,1,1
KX111648,KX111677,0.010417,1,1,1
KX111649,KX111650,0.006329,1,1,1
KX111649,KX111651,0.006329,1,1,1
KX111649,KX111652,0.006329,1,1,1
KX111649,KX111653,0.006329,1,1,1
KX111649,KX111654,0.0,1,1,1
KX111649,KX111655,0.008439,1,1,1
KX111649,KX111656,0.010549,1,1,1
KX111649,KX111657,0.008439,1,1,1
KX111649,KX111658,0.008439,1,1,1
KX111649,KX111659,0.008493,1,1,1
KX111649,KX111660,0.006329,1,1,1
KX111649,KX111661,0.008439,1,1,1
KX111649,KX111662,0.008439,1,1,1
KX111649,KX111663,0.0,1,1,1
KX111649,KX111664,0.00211,1,1,1
KX111649,KX111665,0.00211,1,1,1
KX111649,KX111666,0.006329,1,1,1
KX111649,KX111667,0.008439,1,1,1
KX111649,KX111668,0.008439,1,1,1
KX111649,KX111669,0.00211,1,1,1
KX111649,KX111670,0.008439,1,1,1
KX111649,KX111671,0.006329,1,1,1
KX111649,KX111672,0.008439,1,1,1
KX111649,KX111673,0.006329,1,1,1
KX111649,KX111674,0.006329,1,1,1
KX111649,KX111675,0.016878,1,1,1
KX111649,KX111676,0.008439,1,1,1
KX111649,KX111677,0.008439,1,1,1
KX111650,KX111651,0.0,1,1,1
KX111650,KX111652,0.0,1,1,1
KX111650,KX111653,0.0,1,1,1
KX111650,KX111654,0.00625,1,1,1
KX111650,KX111655,0.002083,1,1,1
KX111650,KX111656,0.016667,1,1,1
KX111650,KX111657,0.002083,1,1,1
KX111650,KX111658,0.002083,1,1,1
KX111650,KX111659,0.002096,1,1,1
KX111650,KX111660,0.0,1,1,1
KX111650,KX111661,0.002083,1,1,1
KX111650,KX111662,0.014583,1,1,1
KX111650,KX111663,0.00625,1,1,1
KX111650,KX111664,0.008333,1,1,1
KX111650,KX111665,0.008333,1,1,1
KX111650,KX111666,0.0,1,1,1
KX111650,KX111667,0.016667,1,1,1
KX111650,KX111668,0.014583,1,1,1
KX111650,KX111669,0.004167,1,1,1
KX111650,KX111670,0.014583,1,1,1
KX111650,KX111671,0.0125,1,1,1
KX111650,KX111672,0.014583,1,1,1
KX111650,KX111673,0.0125,1,1,1
KX111650,KX111674,0.0125,1,1,1
KX111650,KX111675,0.022917,1,1,1
KX111650,KX111676,0.014583,1,1,1
KX111650,KX111677,0.014583,1,1,1
KX111651,KX111652,0.0,1,1,1
KX111651,KX111653,0.0,1,1,1
KX111651,KX111654,0.006329,1,1,1
KX111651,KX111655,0.00211,1,1,1
KX111651,KX111656,0.016878,1,1,1
KX111651,KX111657,0.00211,1,1,1
KX111651,KX111658,0.00211,1,1,1
KX111651,KX111659,0.002123,1,1,1
KX111651,KX111660,0.0,1,1,1
KX111651,KX111661,0.00211,1,1,1
KX111651,KX111662,0.014768,1,1,1
KX111651,KX111663,0.006329,1,1,1
KX111651,KX111664,0.008439,1,1,1
KX111651,KX111665,0.008439,1,1,1
KX111651,KX111666,0.0,1,1,1
KX111651,KX111667,0.014768,1,1,1
KX111651,KX111668,0.014768,1,1,1
KX111651,KX111669,0.004219,1,1,1
KX111651,KX111670,0.014768,1,1,1
KX111651,KX111671,0.012658,1,1,1
KX111651,KX111672,0.014768,1,1,1
KX111651,KX111673,0.012658,1,1,1
KX111651,KX111674,0.012658,1,1,1
KX111651,KX111675,0.023207,1,1,1
KX111651,KX111676,0.014768,1,1,1
KX111651,KX111677,0.014768,1,1,1
KX111652,KX111653,0.0,1,1,1
KX111652,KX111654,0.00625,1,1,1
KX111652,KX111655,0.002083,1,1,1
KX111652,KX111656,0.016667,1,1,1
KX111652,KX111657,0.002083,1,1,1
KX111652,KX111658,0.002083,1,1,1
KX111652,KX111659,0.002096,1,1,1
KX111652,KX111660,0.0,1,1,1
KX111652,KX111661,0.002083,1,1,1
KX111652,KX111662,0.014583,1,1,1
KX111652,KX111663,0.00625,1,1,1
KX111652,KX111664,0.008333,1,1,1
KX111652,KX111665,0.008333,1,1,1
KX111652,KX111666,0.0,1,1,1
KX111652,KX111667,0.016667,1,1,1
KX111652,KX111668,0.014583,1,1,1
KX111652,KX111669,0.004167,1,1,1
KX111652,KX111670,0.014583,1,1,1
KX111652,KX111671,0.0125,1,1,1
KX111652,KX111672,0.014583,1,1,1
KX111652,KX111673,0.0125,1,1,1
KX111652,KX111674,0.0125,1,1,1
KX111652,KX111675,0.022917,1,1,1
KX111652,KX111676,0.014583,1,1,1
KX111652,KX111677,0.014583,1,1,1
KX111653,KX111654,0.00625,1,1,1
KX111653,KX111655,0.002083,1,1,1
KX111653,KX111656,0.016667,1,1,1
KX111653,KX111657,0.002083,1,1,1
KX111653,KX111658,0.002083,1,1,1
KX111653,KX111659,0.002096,1,1,1
KX111653,KX111660,0.0,1,1,1
KX111653,KX111661,0.002083,1,1,1
KX111653,KX111662,0.014583,1,1,1
KX111653,KX111663,0.00625,1,1,1
KX111653,KX111664,0.008333,1,1,1
KX111653,KX111665,0.008333,1,1,1
KX111653,KX111666,0.0,1,1,1
KX111653,KX111667,0.016667,1,1,1
KX111653,KX111668,0.014583,1,1,1
KX111653,KX111669,0.004167,1,1,1
KX111653,KX111670,0.014583,1,1,1
KX111653,KX111671,0.0125,1,1,1
KX111653,KX111672,0.014583,1,1,1
KX111653,KX111673,0.0125,1,1,1
KX111653,KX111674,0.0125,1,1,1
KX111653,KX111675,0.022917,1,1,1
KX111653,KX111676,0.014583,1,1,1
KX111653,KX111677,0.014583,1,1,1
KX111654,KX111655,0.008333,1,1,1
KX111654,KX111656,0.010417,1,1,1
KX111654,KX111657,0.008333,1,1,1
KX111654,KX111658,0.008333,1,1,1
KX111654,KX111659,0.008386,1,1,1
KX111654,KX111660,0.00625,1,1,1
KX111654,KX111661,0.008333,1,1,1
KX111654,KX111662,0.008333,1,1,1
KX111654,KX111663,0.0,1,1,1
KX111654,KX111664,0.002083,1,1,1
KX111654,KX111665,0.002083,1,1,1
KX111654,KX111666,0.00625,1,1,1
KX111654,KX111667,0.010417,1,1,1
KX111654,KX111668,0.008333,1,1,1
KX111654,KX111669,0.002083,1,1,1
KX111654,KX111670,0.008333,1,1,1
KX111654,KX111671,0.00625,1,1,1
KX111654,KX111672,0.008333,1,1,1
KX111654,KX111673,0.00625,1,1,1
KX111654,KX111674,0.00625,1,1,1
KX111654,KX111675,0.016667,1,1,1
KX111654,KX111676,0.008333,1,1,1
KX111654,KX111677,0.008333,1,1,1
KX111655,KX111656,0.01875,1,1,1
KX111655,KX111657,0.004167,1,1,1
KX111655,KX111658,0.004167,1,1,1
KX111655,KX111659,0.004193,1,1,1
KX111655,KX111660,0.002083,1,1,1
KX111655,KX111661,0.004167,1,1,1
KX111655,KX111662,0.016667,1,1,1
KX111655,KX111663,0.008333,1,1,1
KX111655,KX111664,0.010417,1,1,1
KX111655,KX111665,0.010417,1,1,1
KX111655,KX111666,0.002083,1,1,1
KX111655,KX111667,0.01875,1,1,1
KX111655,KX111668,0.016667,1,1,1
KX111655,KX111669,0.00625,1,1,1
KX111655,KX111670,0.016667,1,1,1
KX111655,KX111671,0.014583,1,1,1
KX111655,KX111672,0.016667,1,1,1
KX111655,KX111673,0.014583,1,1,1
KX111655,KX111674,0.014583,1,1,1
KX111655,KX111675,0.025,1,1,1
KX111655,KX111676,0.016667,1,1,1
KX111655,KX111677,0.016667,1,1,1
KX111656,KX111657,0.01875,1,1,1
KX111656,KX111658,0.01875,1,1,1
KX111656,KX111659,0.018868,1,1,1
KX111656,KX111660,0.016667,1,1,1
KX111656,KX111661,0.014583,1,1,1
KX111656,KX111662,0.00625,1,1,1
KX111656,KX111663,0.010417,1,1,1
KX111656,KX111664,0.0125,1,1,1
KX111656,KX111665,0.0125,1,1,1
KX111656,KX111666,0.016667,1,1,1
KX111656,KX111667,0.008333,1,1,1
KX111656,KX111668,0.00625,1,1,1
KX111656,KX111669,0.0125,1,1,1
KX111656,KX111670,0.00625,1,1,1
KX111656,KX111671,0.016667,1,1,1
KX111656,KX111672,0.01875,1,1,1
KX111656,KX111673,0.016667,1,1,1
KX111656,KX111674,0.016667,1,1,1
KX111656,KX111675,0.027083,1,1,1
KX111656,KX111676,0.01875,1,1,1
KX111656,KX111677,0.01875,1,1,1
KX111657,KX111658,0.004167,1,1,1
KX111657,KX111659,0.004193,1,1,1
KX111657,KX111660,0.002083,1,1,1
KX111657,KX111661,0.004167,1,1,1
KX111657,KX111662,0.016667,1,1,1
KX111657,KX111663,0.008333,1,1,1
KX111657,KX111664,0.010417,1,1,1
KX111657,KX111665,0.010417,1,1,1
KX111657,KX111666,0.002083,1,1,1
KX111657,KX111667,0.01875,1,1,1
KX111657,KX111668,0.016667,1,1,1
KX111657,KX111669,0.00625,1,1,1
KX111657,KX111670,0.016667,1,1,1
KX111657,KX111671,0.014583,1,1,1
KX111657,KX111672,0.016667,1,1,1
KX111657,KX111673,0.014583,1,1,1
KX111657,KX111674,0.014583,1,1,1
KX111657,KX111675,0.025,1,1,1
KX111657,KX111676,0.016667,1,1,1
KX111657,KX111677,0.016667,1,1,1
KX111658,KX111659,0.004193,1,1,1
KX111658,KX111660,0.002083,1,1,1
KX111658,KX111661,0.004167,1,1,1
KX111658,KX111662,0.016667,1,1,1
KX111658,KX111663,0.008333,1,1,1
KX111658,KX111664,0.010417,1,1,1
KX111658,KX111665,0.010417,1,1,1
KX111658,KX111666,0.002083,1,1,1
KX111658,KX111667,0.01875,1,1,1
KX111658,KX111668,0.016667,1,1,1
KX111658,KX111669,0.00625,1,1,1
KX111658,KX111670,0.016667,1,1,1
KX111658,KX111671,0.014583,1,1,1
KX111658,KX111672,0.016667,1,1,1
KX111658,KX111673,0.014583,1,1,1
KX111658,KX111674,0.014583,1,1,1
KX111658,KX111675,0.025,1,1,1
KX111658,KX111676,0.016667,1,1,1
KX111658,KX111677,0.016667,1,1,1
KX111659,KX111660,0.002096,1,1,1
KX111659,KX111661,0.004193,1,1,1
KX111659,KX111662,0.016771,1,1,1
KX111659,KX111663,0.008386,1,1,1
KX111659,KX111664,0.010482,1,1,1
KX111659,KX111665,0.010482,1,1,1
KX111659,KX111666,0.002096,1,1,1
KX111659,KX111667,0.018868,1,1,1
KX111659,KX111668,0.016771,1,1,1
KX111659,KX111669,0.006289,1,1,1
KX111659,KX111670,0.016771,1,1,1
KX111659,KX111671,0.014675,1,1,1
KX111659,KX111672,0.016771,1,1,1
KX111659,KX111673,0.014675,1,1,1
KX111659,KX111674,0.014675,1,1,1
KX111659,KX111675,0.025157,1,1,1
KX111659,KX111676,0.016771,1,1,1
KX111659,KX111677,0.016771,1,1,1
KX111660,KX111661,0.002083,1,1,1
KX111660,KX111662,0.014583,1,1,1
KX111660,KX111663,0.00625,1,1,1
KX111660,KX111664,0.008333,1,1,1
KX111660,KX111665,0.008333,1,1,1
KX111660,KX111666,0.0,1,1,1
KX111660,KX111667,0.016667,1,1,1
KX111660,KX111668,0.014583,1,1,1
KX111660,KX111669,0.004167,1,1,1
KX111660,KX111670,0.014583,1,1,1
KX111660,KX111671,0.0125,1,1,1
KX111660,KX111672,0.014583,1,1,1
KX111660,KX111673,0.0125,1,1,1
KX111660,KX111674,0.0125,1,1,1
KX111660,KX111675,0.022917,1,1,1
KX111660,KX111676,0.014583,1,1,1
KX111660,KX111677,0.014583,1,1,1
KX111661,KX111662,0.0125,1,1,1
KX111661,KX111663,0.008333,1,1,1
KX111661,KX111664,0.010417,1,1,1
KX111661,KX111665,0.010417,1,1,1
KX111661,KX111666,0.002083,1,1,1
KX111661,KX111667,0.014583,1,1,1
KX111661,KX111668,0.0125,1,1,1
KX111661,KX111669,0.00625,1,1,1
KX111661,KX111670,0.0125,1,1,1
KX111661,KX111671,0.014583,1,1,1
KX111661,KX111672,0.016667,1,1,1
KX111661,KX111673,0.014583,1,1,1
KX111661,KX111674,0.014583,1,1,1
KX111661,KX111675,0.025,1,1,1
KX111661,KX111676,0.016667,1,1,1
KX111661,KX111677,0.016667,1,1,1
KX111662,KX111663,0.008333,1,1,1
KX111662,KX111664,0.010417,1,1,1
KX111662,KX111665,0.010417,1,1,1
KX111662,KX111666,0.014583,1,1,1
KX111662,KX111667,0.002083,1,1,1
KX111662,KX111668,0.0,1,1,1
KX111662,KX111669,0.010417,1,1,1
KX111662,KX111670,0.0,1,1,1
KX111662,KX111671,0.014583,1,1,1
KX111662,KX111672,0.016667,1,1,1
KX111662,KX111673,0.014583,1,1,1
KX111662,KX111674,0.014583,1,1,1
KX111662,KX111675,0.020833,1,1,1
KX111662,KX111676,0.016667,1,1,1
KX111662,KX111677,0.016667,1,1,1
KX111663,KX111664,0.002083,1,1,1
KX111663,KX111665,0.002083,1,1,1
KX111663,KX111666,0.00625,1,1,1
KX111663,KX111667,0.010417,1,1,1
KX111663,KX111668,0.008333,1,1,1
KX111663,KX111669,0.002083,1,1,1
KX111663,KX111670,0.008333,1,1,1
KX111663,KX111671,0.00625,1,1,1
KX111663,KX111672,0.008333,1,1,1
KX111663,KX111673,0.00625,1,1,1
KX111663,KX111674,0.00625,1,1,1
KX111663,KX111675,0.016667,1,1,1
KX111663,KX111676,0.008333,1,1,1
KX111663,KX111677,0.008333,1,1,1
KX111664,KX111665,0.0,1,1,1
KX111664,KX111666,0.008333,1,1,1
KX111664,KX111667,0.0125,1,1,1
KX111664,KX111668,0.010417,1,1,1
KX111664,KX111669,0.004167,1,1,1
KX111664,KX111670,0.010417,1,1,1
KX111664,KX111671,0.004167,1,1,1
KX111664,KX111672,0.00625,1,1,1
KX111664,KX111673,0.004167,1,1,1
KX111664,KX111674,0.004167,1,1,1
KX111664,KX111675,0.01875,1,1,1
KX111664,KX111676,0.00625,1,1,1
KX111664,KX111677,0.00625,1,1,1
KX111665,KX111666,0.008333,1,1,1
KX111665,KX111667,0.0125,1,1,1
KX111665,KX111668,0.010417,1,1,1
KX111665,KX111669,0.004167,1,1,1
KX111665,KX111670,0.010417,1,1,1
KX111665,KX111671,0.004167,1,1,1
KX111665,KX111672,0.00625,1,1,1
KX111665,KX111673,0.004167,1,1,1
KX111665,KX111674,0.004167,1,1,1
KX111665,KX111675,0.01875,1,1,1
KX111665,KX111676,0.00625,1,1,1
KX111665,KX111677,0.00625,1,1,1
KX111666,KX111667,0.016667,1,1,1
KX111666,KX111668,0.014583,1,1,1
KX111666,KX111669,0.004167,1,1,1
KX111666,KX111670,0.014583,1,1,1
KX111666,KX111671,0.0125,1,1,1
KX111666,KX111672,0.014583,1,1,1
KX111666,KX111673,0.0125,1,1,1
KX111666,KX111674,0.0125,1,1,1
KX111666,KX111675,0.022917,1,1,1
KX111666,KX111676,0.014583,1,1,1
KX111666,KX111677,0.014583,1,1,1
KX111667,KX111668,0.002083,1,1,1
KX111667,KX111669,0.0125,1,1,1
KX111667,KX111670,0.002083,1,1,1
KX111667,KX111671,0.016667,1,1,1
KX111667,KX111672,0.01875,1,1,1
KX111667,KX111673,0.016667,1,1,1
KX111667,KX111674,0.016667,1,1,1
KX111667,KX111675,0.022917,1,1,1
KX111667,KX111676,0.01875,1,1,1
KX111667,KX111677,0.01875,1,1,1
KX111668,KX111669,0.010417,1,1,1
KX111668,KX111670,0.0,1,1,1
KX111668,KX111671,0.014583,1,1,1
KX111668,KX111672,0.016667,1,1,1
KX111668,KX111673,0.014583,1,1,1
KX111668,KX111674,0.014583,1,1,1
KX111668,KX111675,0.020833,1,1,1
KX111668,KX111676,0.016667,1,1,1
KX111668,KX111677,0.016667,1,1,1
KX111669,KX111670,0.010417,1,1,1
KX111669,KX111671,0.008333,1,1,1
KX111669,KX111672,0.010417,1,1,1
KX111669,KX111673,0.008333,1,1,1
KX111669,KX111674,0.008333,1,1,1
KX111669,KX111675,0.01875,1,1,1
KX111669,KX111676,0.010417,1,1,1
KX111669,KX111677,0.010417,1,1,1
KX111670,KX111671,0.014583,1,1,1
KX111670,KX111672,0.016667,1,1,1
KX111670,KX111673,0.014583,1,1,1
KX111670,KX111674,0.014583,1,1,1
KX111670,KX111675,0.020833,1,1,1
KX111670,KX111676,0.016667,1,1,1
KX111670,KX111677,0.016667,1,1,1
KX111671,KX111672,0.002083,1,1,1
KX111671,KX111673,0.008333,1,1,1
KX111671,KX111674,0.008333,1,1,1
KX111671,KX111675,0.022917,1,1,1
KX111671,KX111676,0.002083,1,1,1
KX111671,KX111677,0.002083,1,1,1
KX111672,KX111673,0.00625,1,1,1
KX111672,KX111674,0.010417,1,1,1
KX111672,KX111675,0.025,1,1,1
KX111672,KX111676,0.0,1,1,1
KX111672,KX111677,0.0,1,1,1
KX111673,KX111674,0.004167,1,1,1
KX111673,KX111675,0.022917,1,1,1
KX111673,KX111676,0.00625,1,1,1
KX111673,KX111677,0.00625,1,1,1
KX111674,KX111675,0.022917,1,1,1
KX111674,KX111676,0.010417,1,1,1
KX111674,KX111677,0.010417,1,1,1
KX111675,KX111676,0.025,1,1,1
KX111675,KX111677,0.025,1,1,1
KX111676,KX111677,0.0,1,1,1
KX111864,KX111865,0.025,1,1,2
KX111864,KX111866,0.03125,1,1,2
KX111865,KX111866,0.014583,1,1,2
KX111867,KX111868,0.0,1,1,3
KX111867,KX111869,0.008333,1,1,3
KX111867,KX111870,0.00625,1,1,3
KX111867,KX111871,0.0,1,1,3
KX111867,KX111872,0.002083,1,1,3
KX111867,KX111873,0.0,1,1,3
KX111867,KX111874,0.002083,1,1,3
KX111867,KX111875,0.002083,1,1,3
KX111867,KX111876,0.0,1,1,3
KX111867,KX111877,0.002083,1,1,3
KX111867,KX111878,0.0,1,1,3
KX111867,KX111879,0.00625,1,1,3
KX111867,KX111880,0.002083,1,1,3
KX111867,KX111881,0.002083,1,1,3
KX111867,KX111882,0.002083,1,1,3
KX111867,KX111883,0.002083,1,1,3
KX111867,KX111884,0.0,1,1,3
KX111868,KX111869,0.008333,1,1,3
KX111868,KX111870,0.00625,1,1,3
KX111868,KX111871,0.0,1,1,3
KX111868,KX111872,0.002083,1,1,3
KX111868,KX111873,0.0,1,1,3
KX111868,KX111874,0.002083,1,1,3
KX111868,KX111875,0.002083,1,1,3
KX111868,KX111876,0.0,1,1,3
KX111868,KX111877,0.002083,1,1,3
KX111868,KX111878,0.0,1,1,3
KX111868,KX111879,0.00625,1,1,3
KX111868,KX111880,0.002083,1,1,3
KX111868,KX111881,0.002083,1,1,3
KX111868,KX111882,0.002083,1,1,3
KX111868,KX111883,0.002083,1,1,3
KX111868,KX111884,0.0,1,1,3
KX111869,KX111870,0.010417,1,1,3
KX111869,KX111871,0.008333,1,1,3
KX111869,KX111872,0.010417,1,1,3
KX111869,KX111873,0.008333,1,1,3
KX111869,KX111874,0.00625,1,1,3
KX111869,KX111875,0.010417,1,1,3
KX111869,KX111876,0.008333,1,1,3
KX111869,KX111877,0.010417,1,1,3
KX111869,KX111878,0.008333,1,1,3
KX111869,KX111879,0.010417,1,1,3
KX111869,KX111880,0.010417,1,1,3
KX111869,KX111881,0.00625,1,1,3
KX111869,KX111882,0.010417,1,1,3
KX111869,KX111883,0.00625,1,1,3
KX111869,KX111884,0.008333,1,1,3
KX111870,KX111871,0.00625,1,1,3
KX111870,KX111872,0.008333,1,1,3
KX111870,KX111873,0.00625,1,1,3
KX111870,KX111874,0.004167,1,1,3
KX111870,KX111875,0.008333,1,1,3
KX111870,KX111876,0.00625,1,1,3
KX111870,KX111877,0.008333,1,1,3
KX111870,KX111878,0.00625,1,1,3
KX111870,KX111879,0.0,1,1,3
KX111870,KX111880,0.008333,1,1,3
KX111870,KX111881,0.004167,1,1,3
KX111870,KX111882,0.008333,1,1,3
KX111870,KX111883,0.004167,1,1,3
KX111870,KX111884,0.00625,1,1,3
KX111871,KX111872,0.002083,1,1,3
KX111871,KX111873,0.0,1,1,3
KX111871,KX111874,0.002083,1,1,3
KX111871,KX111875,0.002083,1,1,3
KX111871,KX111876,0.0,1,1,3
KX111871,KX111877,0.002083,1,1,3
KX111871,KX111878,0.0,1,1,3
KX111871,KX111879,0.00625,1,1,3
KX111871,KX111880,0.002083,1,1,3
KX111871,KX111881,0.002083,1,1,3
KX111871,KX111882,0.002083,1,1,3
KX111871,KX111883,0.002083,1,1,3
KX111871,KX111884,0.0,1,1,3
KX111872,KX111873,0.002083,1,1,3
KX111872,KX111874,0.004167,1,1,3
KX111872,KX111875,0.004167,1,1,3
KX111872,KX111876,0.002083,1,1,3
KX111872,KX111877,0.004167,1,1,3
KX111872,KX111878,0.002083,1,1,3
KX111872,KX111879,0.008333,1,1,3
KX111872,KX111880,0.004167,1,1,3
KX111872,KX111881,0.004167,1,1,3
KX111872,KX111882,0.004167,1,1,3
KX111872,KX111883,0.004167,1,1,3
KX111872,KX111884,0.002083,1,1,3
KX111873,KX111874,0.002083,1,1,3
KX111873,KX111875,0.002083,1,1,3
KX111873,KX111876,0.0,1,1,3
KX111873,KX111877,0.002083,1,1,3
KX111873,KX111878,0.0,1,1,3
KX111873,KX111879,0.00625,1,1,3
KX111873,KX111880,0.002083,1,1,3
KX111873,KX111881,0.002083,1,1,3
KX111873,KX111882,0.002083,1,1,3
KX111873,KX111883,0.002083,1,1,3
KX111873,KX111884,0.0,1,1,3
KX111874,KX111875,0.004167,1,1,3
KX111874,KX111876,0.002083,1,1,3
KX111874,KX111877,0.004167,1,1,3
KX111874,KX111878,0.002083,1,1,3
KX111874,KX111879,0.004167,1,1,3
KX111874,KX111880,0.004167,1,1,3
KX111874,KX111881,0.0,1,1,3
KX111874,KX111882,0.004167,1,1,3
KX111874,KX111883,0.0,1,1,3
KX111874,KX111884,0.002083,1,1,3
KX111875,KX111876,0.002083,1,1,3
KX111875,KX111877,0.004167,1,1,3
KX111875,KX111878,0.002083,1,1,3
KX111875,KX111879,0.008333,1,1,3
KX111875,KX111880,0.004167,1,1,3
KX111875,KX111881,0.004167,1,1,3
KX111875,KX111882,0.004167,1,1,3
KX111875,KX111883,0.004167,1,1,3
KX111875,KX111884,0.002083,1,1,3
KX111876,KX111877,0.002083,1,1,3
KX111876,KX111878,0.0,1,1,3
KX111876,KX111879,0.00625,1,1,3
KX111876,KX111880,0.002083,1,1,3
KX111876,KX111881,0.002083,1,1,3
KX111876,KX111882,0.002083,1,1,3
KX111876,KX111883,0.002083,1,1,3
KX111876,KX111884,0.0,1,1,3
KX111877,KX111878,0.002083,1,1,3
KX111877,KX111879,0.008333,1,1,3
KX111877,KX111880,0.004167,1,1,3
KX111877,KX111881,0.004167,1,1,3
KX111877,KX111882,0.004167,1,1,3
KX111877,KX111883,0.004167,1,1,3
KX111877,KX111884,0.002083,1,1,3
KX111878,KX111879,0.00625,1,1,3
KX111878,KX111880,0.002083,1,1,3
KX111878,KX111881,0.002083,1,1,3
KX111878,KX111882,0.002083,1,1,3
KX111878,KX111883,0.002083,1,1,3
KX111878,KX111884,0.0,1,1,3
KX111879,KX111880,0.008333,1,1,3
KX111879,KX111881,0.004167,1,1,3
KX111879,KX111882,0.008333,1,1,3
KX111879,KX111883,0.004167,1,1,3
KX111879,KX111884,0.00625,1,1,3
KX111880,KX111881,0.004167,1,1,3
KX111880,KX111882,0.004167,1,1,3
KX111880,KX111883,0.004167,1,1,3
KX111880,KX111884,0.002083,1,1,3
KX111881,KX111882,0.004167,1,1,3
KX111881,KX111883,0.0,1,1,3
KX111881,KX111884,0.002083,1,1,3
KX111882,KX111883,0.004167,1,1,3
KX111882,KX111884,0.002083,1,1,3
KX111883,KX111884,0.002083,1,1,3
KX111885,KX111886,0.004167,1,1,4
KX111885,KX111887,0.004167,1,1,4
KX111885,KX111888,0.00625,1,1,4
KX111885,KX111889,0.0125,1,1,4
KX111885,KX111890,0.008333,1,1,4
KX111885,KX111891,0.00625,1,1,4
KX111885,KX111892,0.004167,1,1,4
KX111885,KX111893,0.010417,1,1,4
KX111886,KX111887,0.0,1,1,4
KX111886,KX111888,0.002083,1,1,4
KX111886,KX111889,0.008333,1,1,4
KX111886,KX111890,0.004167,1,1,4
KX111886,KX111891,0.002083,1,1,4
KX111886,KX111892,0.0,1,1,4
KX111886,KX111893,0.00625,1,1,4
KX111887,KX111888,0.002083,1,1,4
KX111887,KX111889,0.008333,1,1,4
KX111887,KX111890,0.004167,1,1,4
KX111887,KX111891,0.002083,1,1,4
KX111887,KX111892,0.0,1,1,4
KX111887,KX111893,0.00625,1,1,4
KX111888,KX111889,0.010417,1,1,4
KX111888,KX111890,0.00625,1,1,4
KX111888,KX111891,0.004167,1,1,4
KX111888,KX111892,0.002083,1,1,4
KX111888,KX111893,0.008333,1,1,4
KX111889,KX111890,0.004167,1,1,4
KX111889,KX111891,0.010417,1,1,4
KX111889,KX111892,0.008333,1,1,4
KX111889,KX111893,0.014583,1,1,4
KX111890,KX111891,0.00625,1,1,4
KX111890,KX111892,0.004167,1,1,4
KX111890,KX111893,0.010417,1,1,4
KX111891,KX111892,0.002083,1,1,4
KX111891,KX111893,0.008333,1,1,4
KX111892,KX111893,0.00625,1,1,4
KX111996,KX111997,0.0,1,1,5
KX111996,KX111998,0.0,1,1,5
KX111996,KX111999,0.0,1,1,5
KX111996,KX112000,0.0,1,1,5
KX111996,KX112001,0.0,1,1,5
KX111996,KX112002,0.0,1,1,5
KX111996,KX112003,0.0,1,1,5
KX111996,KX112004,0.0,1,1,5
KX111996,KX112005,0.0,1,1,5
KX111996,KX112006,0.0,1,1,5
KX111996,KX112007,0.0,1,1,5
KX111996,KX112008,0.0,1,1,5
KX111996,KX112009,0.0,1,1,5
KX111996,KX112010,0.0,1,1,5
KX111996,KX112011,0.0,1,1,5
KX111996,KX112012,0.0,1,1,5
KX111996,KX112013,0.0,1,1,5
KX111996,KX112014,0.0,1,1,5
KX111996,KX112015,0.0,1,1,5
KX111996,KX112016,0.0,1,1,5
KX111996,KX112017,0.0,1,1,5
KX111996,KX112018,0.0,1,1,5
KX111996,KX112019,0.0,1,1,5
KX111996,KX112020,0.0,1,1,5
KX111996,KX112021,0.0,1,1,5
KX111996,KX112022,0.002083,1,1,5
KX111996,KX112023,0.0,1,1,5
KX111996,KX112024,0.0,1,1,5
KX111996,KX112025,0.0,1,1,5
KX111997,KX111998,0.0,1,1,5
KX111997,KX111999,0.0,1,1,5
KX111997,KX112000,0.0,1,1,5
KX111997,KX112001,0.0,1,1,5
KX111997,KX112002,0.0,1,1,5
KX111997,KX112003,0.0,1,1,5
KX111997,KX112004,0.0,1,1,5
KX111997,KX112005,0.0,1,1,5
KX111997,KX112006,0.0,1,1,5
KX111997,KX112007,0.0,1,1,5
KX111997,KX112008,0.0,1,1,5
KX111997,KX112009,0.0,1,1,5
KX111997,KX112010,0.0,1,1,5
KX111997,KX112011,0.0,1,1,5
KX111997,KX112012,0.0,1,1,5
KX111997,KX112013,0.0,1,1,5
KX111997,KX112014,0.0,1,1,5
KX111997,KX112015,0.0,1,1,5
KX111997,KX112016,0.0,1,1,5
KX111997,KX112017,0.0,1,1,5
KX111997,KX112018,0.0,1,1,5
KX111997,KX112019,0.0,1,1,5
KX111997,KX112020,0.0,1,1,5
KX111997,KX112021,0.0,1,1,5
KX111997,KX112022,0.002083,1,1,5
KX111997,KX112023,0.0,1,1,5
KX111997,KX112024,0.0,1,1,5
KX111997,KX112025,0.0,1,1,5
KX111998,KX111999,0.0,1,1,5
KX111998,KX112000,0.0,1,1,5
KX111998,KX112001,0.0,1,1,5
KX111998,KX112002,0.0,1,1,5
KX111998,KX112003,0.0,1,1,5
KX111998,KX112004,0.0,1,1,5
KX111998,KX112005,0.0,1,1,5
KX111998,KX112006,0.0,1,1,5
KX111998,KX112007,0.0,1,1,5
KX111998,KX112008,0.0,1,1,5
KX111998,KX112009,0.0,1,1,5
KX111998,KX112010,0.0,1,1,5
KX111998,KX112011,0.0,1,1,5
KX111998,KX112012,0.0,1,1,5
KX111998,KX112013,0.0,1,1,5
KX111998,KX112014,0.0,1,1,5
KX111998,KX112015,0.0,1,1,5
KX111998,KX112016,0.0,1,1,5
KX111998,KX112017,0.0,1,1,5
KX111998,KX112018,0.0,1,1,5
KX111998,KX112019,0.0,1,1,5
KX111998,KX112020,0.0,1,1,5
KX111998,KX112021,0.0,1,1,5
KX111998,KX112022,0.002151,1,1,5
KX111998,KX112023,0.0,1,1,5
KX111998,KX112024,0.0,1,1,5
KX111998,KX112025,0.0,1,1,5
KX111999,KX112000,0.0,1,1,5
KX111999,KX112001,0.0,1,1,5
KX111999,KX112002,0.0,1,1,5
KX111999,KX112003,0.0,1,1,5
KX111999,KX112004,0.0,1,1,5
KX111999,KX112005,0.0,1,1,5
KX111999,KX112006,0.0,1,1,5
KX111999,KX112007,0.0,1,1,5
KX111999,KX112008,0.0,1,1,5
KX111999,KX112009,0.0,1,1,5
KX111999,KX112010,0.0,1,1,5
KX111999,KX112011,0.0,1,1,5
KX111999,KX112012,0.0,1,1,5
KX111999,KX112013,0.0,1,1,5
KX111999,KX112014,0.0,1,1,5
KX111999,KX112015,0.0,1,1,5
KX111999,KX112016,0.0,1,1,5
KX111999,KX112017,0.0,1,1,5
KX111999,KX112018,0.0,1,1,5
KX111999,KX112019,0.0,1,1,5
KX111999,KX112020,0.0,1,1,5
KX111999,KX112021,0.0,1,1,5
KX111999,KX112022,0.002083,1,1,5
KX111999,KX112023,0.0,1,1,5
KX111999,KX112024,0.0,1,1,5
KX111999,KX112025,0.0,1,1,5
KX112000,KX112001,0.0,1,1,5
KX112000,KX112002,0.0,1,1,5
KX112000,KX112003,0.0,1,1,5
KX112000,KX112004,0.0,1,1,5
KX112000,KX112005,0.0,1,1,5
KX112000,KX112006,0.0,1,1,5
KX112000,KX112007,0.0,1,1,5
KX112000,KX112008,0.0,1,1,5
KX112000,KX112009,0.0,1,1,5
KX112000,KX112010,0.0,1,1,5
KX112000,KX112011,0.0,1,1,5
KX112000,KX112012,0.0,1,1,5
KX112000,KX112013,0.0,1,1,5
KX112000,KX112014,0.0,1,1,5
KX112000,KX112015,0.0,1,1,5
KX112000,KX112016,0.0,1,1,5
KX112000,KX112017,0.0,1,1,5
KX112000,KX112018,0.0,1,1,5
KX112000,KX112019,0.0,1,1,5
KX112000,KX112020,0.0,1,1,5
KX112000,KX112021,0.0,1,1,5
KX112000,KX112022,0.002083,1,1,5
KX112000,KX112023,0.0,1,1,5
KX112000,KX112024,0.0,1,1,5
KX112000,KX112025,0.0,1,1,5
KX112001,KX112002,0.0,1,1,5
KX112001,KX112003,0.0,1,1,5
KX112001,KX112004,0.0,1,1,5
KX112001,KX112005,0.0,1,1,5
KX112001,KX112006,0.0,1,1,5
KX112001,KX112007,0.0,1,1,5
KX112001,KX112008,0.0,1,1,5
KX112001,KX112009,0.0,1,1,5
KX112001,KX112010,0.0,1,1,5
KX112001,KX112011,0.0,1,1,5
KX112001,KX112012,0.0,1,1,5
KX112001,KX112013,0.0,1,1,5
KX112001,KX112014,0.0,1,1,5
KX112001,KX112015,0.0,1,1,5
KX112001,KX112016,0.0,1,1,5
KX112001,KX112017,0.0,1,1,5
KX112001,KX112018,0.0,1,1,5
KX112001,KX112019,0.0,1,1,5
KX112001,KX112020,0.0,1,1,5
KX112001,KX112021,0.0,1,1,5
KX112001,KX112022,0.002083,1,1,5
KX112001,KX112023,0.0,1,1,5
KX112001,KX112024,0.0,1,1,5
KX112001,KX112025,0.0,1,1,5
KX112002,KX112003,0.0,1,1,5
KX112002,KX112004,0.0,1,1,5
KX112002,KX112005,0.0,1,1,5
KX112002,KX112006,0.0,1,1,5
KX112002,KX112007,0.0,1,1,5
KX112002,KX112008,0.0,1,1,5
KX112002,KX112009,0.0,1,1,5
KX112002,KX112010,0.0,1,1,5
KX112002,KX112011,0.0,1,1,5
KX112002,KX112012,0.0,1,1,5
KX112002,KX112013,0.0,1,1,5
KX112002,KX112014,0.0,1,1,5
KX112002,KX112015,0.0,1,1,5
KX112002,KX112016,0.0,1,1,5
KX112002,KX112017,0.0,1,1,5
KX112002,KX112018,0.0,1,1,5
KX112002,KX112019,0.0,1,1,5
KX112002,KX112020,0.0,1,1,5
KX112002,KX112021,0.0,1,1,5
KX112002,KX112022,0.002083,1,1,5
KX112002,KX112023,0.0,1,1,5
KX112002,KX112024,0.0,1,1,5
KX112002,KX112025,0.0,1,1,5
KX112003,KX112004,0.0,1,1,5
KX112003,KX112005,0.0,1,1,5
KX112003,KX112006,0.0,1,1,5
KX112003,KX112007,0.0,1,1,5
KX112003,KX112008,0.0,1,1,5
KX112003,KX112009,0.0,1,1,5
KX112003,KX112010,0.0,1,1,5
KX112003,KX112011,0.0,1,1,5
KX112003,KX112012,0.0,1,1,5
KX112003,KX112013,0.0,1,1,5
KX112003,KX112014,0.0,1,1,5
KX112003,KX112015,0.0,1,1,5
KX112003,KX112016,0.0,1,1,5
KX112003,KX112017,0.0,1,1,5
KX112003,KX112018,0.0,1,1,5
KX112003,KX112019,0.0,1,1,5
KX112003,KX112020,0.0,1,1,5
KX112003,KX112021,0.0,1,1,5
KX112003,KX112022,0.002083,1,1,5
KX112003,KX112023,0.0,1,1,5
KX112003,KX112024,0.0,1,1,5
KX112003,KX112025,0.0,1,1,5
KX112004,KX112005,0.0,1,1,5
KX112004,KX112006,0.0,1,1,5
KX112004,KX112007,0.0,1,1,5
KX112004,KX112008,0.0,1,1,5
KX112004,KX112009,0.0,1,1,5
KX112004,KX112010,0.0,1,1,5
KX112004,KX112011,0.0,1,1,5
KX112004,KX112012,0.0,1,1,5
KX112004,KX112013,0.0,1,1,5
KX112004,KX112014,0.0,1,1,5
KX112004,KX112015,0.0,1,1,5
KX112004,KX112016,0.0,1,1,5
KX112004,KX112017,0.0,1,1,5
KX112004,KX112018,0.0,1,1,5
KX112004,KX112019,0.0,1,1,5
KX112004,KX112020,0.0,1,1,5
KX112004,KX112021,0.0,1,1,5
KX112004,KX112022,0.002083,1,1,5
KX112004,KX112023,0.0,1,1,5
KX112004,KX112024,0.0,1,1,5
KX112004,KX112025,0.0,1,1,5
KX112005,KX112006,0.0,1,1,5
KX112005,KX112007,0.0,1,1,5
KX112005,KX112008,0.0,1,1,5
KX112005,KX112009,0.0,1,1,5
KX112005,KX112010,0.0,1,1,5
KX112005,KX112011,0.0,1,1,5
KX112005,KX112012,0.0,1,1,5
KX112005,KX112013,0.0,1,1,5
KX112005,KX112014,0.0,1,1,5
KX112005,KX112015,0.0,1,1,5
KX112005,KX112016,0.0,1,1,5
KX112005,KX112017,0.0,1,1,5
KX112005,KX112018,0.0,1,1,5
KX112005,KX112019,0.0,1,1,5
KX112005,KX112020,0.0,1,1,5
KX112005,KX112021,0.0,1,1,5
KX112005,KX112022,0.002083,1,1,5
KX112005,KX112023,0.0,1,1,5
KX112005,KX112024,0.0,1,1,5
KX112005,KX112025,0.0,1,1,5
KX112006,KX112007,0.0,1,1,5
KX112006,KX112008,0.0,1,1,5
KX112006,KX112009,0.0,1,1,5
KX112006,KX112010,0.0,1,1,5
KX112006,KX112011,0.0,1,1,5
KX112006,KX112012,0.0,1,1,5
KX112006,KX112013,0.0,1,1,5
KX112006,KX112014,0.0,1,1,5
KX112006,KX112015,0.0,1,1,5
KX112006,KX112016,0.0,1,1,5
KX112006,KX112017,0.0,1,1,5
KX112006,KX112018,0.0,1,1,5
KX112006,KX112019,0.0,1,1,5
KX112006,KX112020,0.0,1,1,5
KX112006,KX112021,0.0,1,1,5
KX112006,KX112022,0.002083,1,1,5
KX112006,KX112023,0.0,1,1,5
KX112006,KX112024,0.0,1,1,5
KX112006,KX112025,0.0,1,1,5
KX112007,KX112008,0.0,1,1,5
KX112007,KX112009,0.0,1,1,5
KX112007,KX112010,0.0,1,1,5
KX112007,KX112011,0.0,1,1,5
KX112007,KX112012,0.0,1,1,5
KX112007,KX112013,0.0,1,1,5
KX112007,KX112014,0.0,1,1,5
KX112007,KX112015,0.0,1,1,5
KX112007,KX112016,0.0,1,1,5
KX112007,KX112017,0.0,1,1,5
KX112007,KX112018,0.0,1,1,5
KX112007,KX112019,0.0,1,1,5
KX112007,KX112020,0.0,1,1,5
KX112007,KX112021,0.0,1,1,5
KX112007,KX112022,0.002083,1,1,5
KX112007,KX112023,0.0,1,1,5
KX112007,KX112024,0.0,1,1,5
KX112007,KX112025,0.0,1,1,5
KX112008,KX112009,0.0,1,1,5
KX112008,KX112010,0.0,1,1,5
KX112008,KX112011,0.0,1,1,5
KX112008,KX112012,0.0,1,1,5
KX112008,KX112013,0.0,1,1,5
KX112008,KX112014,0.0,1,1,5
KX112008,KX112015,0.0,1,1,5
KX112008,KX112016,0.0,1,1,5
KX112008,KX112017,0.0,1,1,5
KX112008,KX112018,0.0,1,1,5
KX112008,KX112019,0.0,1,1,5
KX112008,KX112020,0.0,1,1,5
KX112008,KX112021,0.0,1,1,5
KX112008,KX112022,0.002083,1,1,5
KX112008,KX112023,0.0,1,1,5
KX112008,KX112024,0.0,1,1,5
KX112008,KX112025,0.0,1,1,5
KX112009,KX112010,0.0,1,1,5
KX112009,KX112011,0.0,1,1,5
KX112009,KX112012,0.0,1,1,5
KX112009,KX112013,0.0,1,1,5
KX112009,KX112014,0.0,1,1,5
KX112009,KX112015,0.0,1,1,5
KX112009,KX112016,0.0,1,1,5
KX112009,KX112017,0.0,1,1,5
KX112009,KX112018,0.0,1,1,5
KX112009,KX112019,0.0,1,1,5
KX112009,KX112020,0.0,1,1,5
KX112009,KX112021,0.0,1,1,5
KX112009,KX112022,0.002083,1,1,5
KX112009,KX112023,0.0,1,1,5
KX112009,KX112024,0.0,1,1,5
KX112009,KX112025,0.0,1,1,5
KX112010,KX112011,0.0,1,1,5
KX112010,KX112012,0.0,1,1,5
KX112010,KX112013,0.0,1,1,5
KX112010,KX112014,0.0,1,1,5
KX112010,KX112015,0.0,1,1,5
KX112010,KX112016,0.0,1,1,5
KX112010,KX112017,0.0,1,1,5
KX112010,KX112018,0.0,1,1,5
KX112010,KX112019,0.0,1,1,5
KX112010,KX112020,0.0,1,1,5
KX112010,KX112021,0.0,1,1,5
KX112010,KX112022,0.002083,1,1,5
KX112010,KX112023,0.0,1,1,5
KX112010,KX112024,0.0,1,1,5
KX112010,KX112025,0.0,1,1,5
KX112011,KX112012,0.0,1,1,5
KX112011,KX112013,0.0,1,1,5
KX112011,KX112014,0.0,1,1,5
KX112011,KX112015,0.0,1,1,5
KX112011,KX112016,0.0,1,1,5
KX112011,KX112017,0.0,1,1,5
KX112011,KX112018,0.0,1,1,5
KX112011,KX112019,0.0,1,1,5
KX112011,KX112020,0.0,1,1,5
KX112011,KX112021,0.0,1,1,5
KX112011,KX112022,0.002083,1,1,5
KX112011,KX112023,0.0,1,1,5
KX112011,KX112024,0.0,1,1,5
KX112011,KX112025,0.0,1,1,5
KX112012,KX112013,0.0,1,1,5
KX112012,KX112014,0.0,1,1,5
KX112012,KX112015,0.0,1,1,5
KX112012,KX112016,0.0,1,1,5
KX112012,KX112017,0.0,1,1,5
KX112012,KX112018,0.0,1,1,5
KX112012,KX112019,0.0,1,1,5
KX112012,KX112020,0.0,1,1,5
KX112012,KX112021,0.0,1,1,5
KX112012,KX112022,0.002083,1,1,5
KX112012,KX112023,0.0,1,1,5
KX112012,KX112024,0.0,1,1,5
KX112012,KX112025,0.0,1,1,5
KX112013,KX112014,0.0,1,1,5
KX112013,KX112015,0.0,1,1,5
KX112013,KX112016,0.0,1,1,5
KX112013,KX112017,0.0,1,1,5
KX112013,KX112018,0.0,1,1,5
KX112013,KX112019,0.0,1,1,5
KX112013,KX112020,0.0,1,1,5
KX112013,KX112021,0.0,1,1,5
KX112013,KX112022,0.002083,1,1,5
KX112013,KX112023,0.0,1,1,5
KX112013,KX112024,0.0,1,1,5
KX112013,KX112025,0.0,1,1,5
KX112014,KX112015,0.0,1,1,5
KX112014,KX112016,0.0,1,1,5
KX112014,KX112017,0.0,1,1,5
KX112014,KX112018,0.0,1,1,5
KX112014,KX112019,0.0,1,1,5
KX112014,KX112020,0.0,1,1,5
KX112014,KX112021,0.0,1,1,5
KX112014,KX112022,0.002083,1,1,5
KX112014,KX112023,0.0,1,1,5
KX112014,KX112024,0.0,1,1,5
KX112014,KX112025,0.0,1,1,5
KX112015,KX112016,0.0,1,1,5
KX112015,KX112017,0.0,1,1,5
KX112015,KX112018,0.0,1,1,5
KX112015,KX112019,0.0,1,1,5
KX112015,KX112020,0.0,1,1,5
KX112015,KX112021,0.0,1,1,5
KX112015,KX112022,0.002083,1,1,5
KX112015,KX112023,0.0,1,1,5
KX112015,KX112024,0.0,1,1,5
KX112015,KX112025,0.0,1,1,5
KX112016,KX112017,0.0,1,1,5
KX112016,KX112018,0.0,1,1,5
KX112016,KX112019,0.0,1,1,5
KX112016,KX112020,0.0,1,1,5
KX112016,KX112021,0.0,1,1,5
KX112016,KX112022,0.002083,1,1,5
KX112016,KX112023,0.0,1,1,5
KX112016,KX112024,0.0,1,1,5
KX112016,KX112025,0.0,1,1,5
KX112017,KX112018,0.0,1,1,5
KX112017,KX112019,0.0,1,1,5
KX112017,KX112020,0.0,1,1,5
KX112017,KX112021,0.0,1,1,5
KX112017,KX112022,0.002083,1,1,5
KX112017,KX112023,0.0,1,1,5
KX112017,KX112024,0.0,1,1,5
KX112017,KX112025,0.0,1,1,5
KX112018,KX112019,0.0,1,1,5
KX112018,KX112020,0.0,1,1,5
KX112018,KX112021,0.0,1,1,5
KX112018,KX112022,0.002083,1,1,5
KX112018,KX112023,0.0,1,1,5
KX112018,KX112024,0.0,1,1,5
KX112018,KX112025,0.0,1,1,5
KX112019,KX112020,0.0,1,1,5
KX112019,KX112021,0.0,1,1,5
KX112019,KX112022,0.002083,1,1,5
KX112019,KX112023,0.0,1,1,5
KX112019,KX112024,0.0,1,1,5
KX112019,KX112025,0.0,1,1,5
KX112020,KX112021,0.0,1,1,5
KX112020,KX112022,0.002083,1,1,5
KX112020,KX112023,0.0,1,1,5
KX112020,KX112024,0.0,1,1,5
KX112020,KX112025,0.0,1,1,5
KX112021,KX112022,0.002083,1,1,5
KX112021,KX112023,0.0,1,1,5
KX112021,KX112024,0.0,1,1,5
KX112021,KX112025,0.0,1,1,5
KX112022,KX112023,0.002083,1,1,5
KX112022,KX112024,0.002083,1,1,5
KX112022,KX112025,0.002083,1,1,5
KX112023,KX112024,0.0,1,1,5
KX112023,KX112025,0.0,1,1,5
KX112024,KX112025,0.0,1,1,5
KX112304,KX112305,0.0375,1,1,6
KX112304,KX112306,0.035417,1,1,6
KX112304,KX112307,0.04375,1,1,6
KX112304,KX112308,0.045833,1,1,6
KX112304,KX112311,0.05,1,1,6
KX112304,KX112313,0.035417,1,1,6
KX112304,KX112314,0.035417,1,1,6
KX112304,KX112315,0.047917,1,1,6
KX112304,KX112316,0.03125,1,1,6
KX112304,KX112317,0.010417,1,1,6
KX112304,KX112319,0.041667,1,1,6
KX112304,KX112320,0.04375,1,1,6
KX112304,KX112321,0.047917,1,1,6
KX112304,KX112322,0.039583,1,1,6
KX112304,KX112323,0.039583,1,1,6
KX112304,KX112324,0.039583,1,1,6
KX112304,KX112325,0.041667,1,1,6
KX112304,KX112326,0.041667,1,1,6
KX112304,KX112327,0.042735,1,1,6
KX112304,KX112328,0.041929,1,1,6
KX112304,KX112329,0.04375,1,1,6
KX112304,KX112330,0.041929,1,1,6
KX112304,KX112331,0.045833,1,1,6
KX112304,KX112332,0.039583,1,1,6
KX112304,KX112333,0.047917,1,1,6
KX112305,KX112306,0.00625,1,1,6
KX112305,KX112307,0.014583,1,1,6
KX112305,KX112308,0.025,1,1,6
KX112305,KX112309,0.020833,1,1,6
KX112305,KX112310,0.041667,1,1,6
KX112305,KX112311,0.033333,1,1,6
KX112305,KX112312,0.041667,1,1,6
KX112305,KX112313,0.00625,1,1,6
KX112305,KX112314,0.00625,1,1,6
KX112305,KX112315,0.016667,1,1,6
KX112305,KX112316,0.010417,1,1,6
KX112305,KX112317,0.0375,1,1,6
KX112305,KX112318,0.033333,1,1,6
KX112305,KX112319,0.010417,1,1,6
KX112305,KX112320,0.0125,1,1,6
KX112305,KX112321,0.041667,1,1,6
KX112305,KX112322,0.008333,1,1,6
KX112305,KX112323,0.002083,1,1,6
KX112305,KX112324,0.002083,1,1,6
KX112305,KX112325,0.010417,1,1,6
KX112305,KX112326,0.00625,1,1,6
KX112305,KX112327,0.008547,1,1,6
KX112305,KX112328,0.012579,1,1,6
KX112305,KX112329,0.010417,1,1,6
KX112305,KX112330,0.006289,1,1,6
KX112305,KX112331,0.0125,1,1,6
KX112305,KX112332,0.00625,1,1,6
KX112305,KX112333,0.014583,1,1,6
KX112306,KX112307,0.0125,1,1,6
KX112306,KX112308,0.027083,1,1,6
KX112306,KX112309,0.025,1,1,6
KX112306,KX112310,0.041667,1,1,6
KX112306,KX112311,0.035417,1,1,6
KX112306,KX112312,0.041667,1,1,6
KX112306,KX112313,0.004167,1,1,6
KX112306,KX112314,0.004167,1,1,6
KX112306,KX112315,0.0125,1,1,6
KX112306,KX112316,0.004167,1,1,6
KX112306,KX112317,0.0375,1,1,6
KX112306,KX112318,0.03125,1,1,6
KX112306,KX112319,0.010417,1,1,6
KX112306,KX112320,0.0125,1,1,6
KX112306,KX112321,0.039583,1,1,6
KX112306,KX112322,0.008333,1,1,6
KX112306,KX112323,0.008333,1,1,6
KX112306,KX112324,0.008333,1,1,6
KX112306,KX112325,0.00625,1,1,6
KX112306,KX112326,0.010417,1,1,6
KX112306,KX112327,0.00641,1,1,6
KX112306,KX112328,0.010482,1,1,6
KX112306,KX112329,0.0125,1,1,6
KX112306,KX112330,0.010482,1,1,6
KX112306,KX112331,0.014583,1,1,6
KX112306,KX112332,0.008333,1,1,6
KX112306,KX112333,0.016667,1,1,6
KX112307,KX112308,0.035417,1,1,6
KX112307,KX112309,0.020833,1,1,6
KX112307,KX112310,0.045833,1,1,6
KX112307,KX112311,0.04375,1,1,6
KX112307,KX112312,0.0375,1,1,6
KX112307,KX112313,0.0125,1,1,6
KX112307,KX112314,0.0125,1,1,6
KX112307,KX112315,0.020833,1,1,6
KX112307,KX112316,0.016667,1,1,6
KX112307,KX112317,0.045833,1,1,6
KX112307,KX112318,0.039583,1,1,6
KX112307,KX112319,0.01875,1,1,6
KX112307,KX112320,0.020833,1,1,6
KX112307,KX112321,0.04375,1,1,6
KX112307,KX112322,0.016667,1,1,6
KX112307,KX112323,0.016667,1,1,6
KX112307,KX112324,0.016667,1,1,6
KX112307,KX112325,0.01875,1,1,6
KX112307,KX112326,0.01875,1,1,6
KX112307,KX112327,0.017094,1,1,6
KX112307,KX112328,0.023061,1,1,6
KX112307,KX112329,0.020833,1,1,6
KX112307,KX112330,0.018868,1,1,6
KX112307,KX112331,0.022917,1,1,6
KX112307,KX112332,0.016667,1,1,6
KX112307,KX112333,0.025,1,1,6
KX112308,KX112309,0.041667,1,1,6
KX112308,KX112310,0.05,1,1,6
KX112308,KX112311,0.045833,1,1,6
KX112308,KX112312,0.0375,1,1,6
KX112308,KX112313,0.027083,1,1,6
KX112308,KX112314,0.027083,1,1,6
KX112308,KX112315,0.0375,1,1,6
KX112308,KX112316,0.03125,1,1,6
KX112308,KX112317,0.045833,1,1,6
KX112308,KX112318,0.05,1,1,6
KX112308,KX112319,0.03125,1,1,6
KX112308,KX112320,0.033333,1,1,6
KX112308,KX112321,0.05,1,1,6
KX112308,KX112322,0.029167,1,1,6
KX112308,KX112323,0.027083,1,1,6
KX112308,KX112324,0.027083,1,1,6
KX112308,KX112325,0.03125,1,1,6
KX112308,KX112326,0.03125,1,1,6
KX112308,KX112327,0.034188,1,1,6
KX112308,KX112328,0.037736,1,1,6
KX112308,KX112329,0.035417,1,1,6
KX112308,KX112330,0.031447,1,1,6
KX112308,KX112331,0.0375,1,1,6
KX112308,KX112332,0.03125,1,1,6
KX112308,KX112333,0.039583,1,1,6
KX112309,KX112310,0.041667,1,1,6
KX112309,KX112311,0.045833,1,1,6
KX112309,KX112312,0.029167,1,1,6
KX112309,KX112313,0.025,1,1,6
KX112309,KX112314,0.025,1,1,6
KX112309,KX112315,0.025,1,1,6
KX112309,KX112316,0.029167,1,1,6
KX112309,KX112317,0.045833,1,1,6
KX112309,KX112318,0.04375,1,1,6
KX112309,KX112319,0.022917,1,1,6
KX112309,KX112320,0.025,1,1,6
KX112309,KX112322,0.020833,1,1,6
KX112309,KX112323,0.022917,1,1,6
KX112309,KX112324,0.022917,1,1,6
KX112309,KX112325,0.022917,1,1,6
KX112309,KX112326,0.022917,1,1,6
KX112309,KX112327,0.027778,1,1,6
KX112309,KX112328,0.031447,1,1,6
KX112309,KX112329,0.029167,1,1,6
KX112309,KX112330,0.023061,1,1,6
KX112309,KX112331,0.03125,1,1,6
KX112309,KX112332,0.025,1,1,6
KX112309,KX112333,0.033333,1,1,6
KX112310,KX112311,0.0125,1,1,6
KX112310,KX112312,0.05,1,1,6
KX112310,KX112313,0.041667,1,1,6
KX112310,KX112314,0.0375,1,1,6
KX112310,KX112315,0.039583,1,1,6
KX112310,KX112316,0.045833,1,1,6
KX112310,KX112317,0.045833,1,1,6
KX112310,KX112318,0.022917,1,1,6
KX112310,KX112319,0.039583,1,1,6
KX112310,KX112320,0.039583,1,1,6
KX112310,KX112321,0.020833,1,1,6
KX112310,KX112322,0.0375,1,1,6
KX112310,KX112323,0.04375,1,1,6
KX112310,KX112324,0.04375,1,1,6
KX112310,KX112325,0.039583,1,1,6
KX112310,KX112326,0.04375,1,1,6
KX112310,KX112327,0.049145,1,1,6
KX112310,KX112329,0.05,1,1,6
KX112310,KX112330,0.044025,1,1,6
KX112310,KX112332,0.045833,1,1,6
KX112311,KX112313,0.035417,1,1,6
KX112311,KX112314,0.03125,1,1,6
KX112311,KX112315,0.039583,1,1,6
KX112311,KX112316,0.039583,1,1,6
KX112311,KX112317,0.05,1,1,6
KX112311,KX112318,0.016667,1,1,6
KX112311,KX112319,0.039583,1,1,6
KX112311,KX112320,0.041667,1,1,6
KX112311,KX112321,0.01875,1,1,6
KX112311,KX112322,0.0375,1,1,6
KX112311,KX112323,0.035417,1,1,6
KX112311,KX112324,0.035417,1,1,6
KX112311,KX112325,0.039583,1,1,6
KX112311,KX112326,0.039583,1,1,6
KX112311,KX112327,0.042735,1,1,6
KX112311,KX112328,0.046122,1,1,6
KX112311,KX112329,0.04375,1,1,6
KX112311,KX112330,0.039832,1,1,6
KX112311,KX112331,0.045833,1,1,6
KX112311,KX112332,0.039583,1,1,6
KX112311,KX112333,0.047917,1,1,6
KX112312,KX112313,0.041667,1,1,6
KX112312,KX112314,0.041667,1,1,6
KX112312,KX112315,0.039583,1,1,6
KX112312,KX112316,0.045833,1,1,6
KX112312,KX112319,0.039583,1,1,6
KX112312,KX112320,0.041667,1,1,6
KX112312,KX112322,0.0375,1,1,6
KX112312,KX112323,0.04375,1,1,6
KX112312,KX112324,0.04375,1,1,6
KX112312,KX112325,0.039583,1,1,6
KX112312,KX112326,0.04375,1,1,6
KX112312,KX112327,0.049145,1,1,6
KX112312,KX112329,0.05,1,1,6
KX112312,KX112330,0.044025,1,1,6
KX112312,KX112332,0.045833,1,1,6
KX112313,KX112314,0.004167,1,1,6
KX112313,KX112315,0.016667,1,1,6
KX112313,KX112316,0.008333,1,1,6
KX112313,KX112317,0.0375,1,1,6
KX112313,KX112318,0.03125,1,1,6
KX112313,KX112319,0.010417,1,1,6
KX112313,KX112320,0.0125,1,1,6
KX112313,KX112321,0.039583,1,1,6
KX112313,KX112322,0.008333,1,1,6
KX112313,KX112323,0.008333,1,1,6
KX112313,KX112324,0.008333,1,1,6
KX112313,KX112325,0.010417,1,1,6
KX112313,KX112326,0.010417,1,1,6
KX112313,KX112327,0.010684,1,1,6
KX112313,KX112328,0.014675,1,1,6
KX112313,KX112329,0.0125,1,1,6
KX112313,KX112330,0.010482,1,1,6
KX112313,KX112331,0.014583,1,1,6
KX112313,KX112332,0.008333,1,1,6
KX112313,KX112333,0.016667,1,1,6
KX112314,KX112315,0.016667,1,1,6
KX112314,KX112316,0.008333,1,1,6
KX112314,KX112317,0.0375,1,1,6
KX112314,KX112318,0.03125,1,1,6
KX112314,KX112319,0.010417,1,1,6
KX112314,KX112320,0.0125,1,1,6
KX112314,KX112321,0.035417,1,1,6
KX112314,KX112322,0.008333,1,1,6
KX112314,KX112323,0.008333,1,1,6
KX112314,KX112324,0.008333,1,1,6
KX112314,KX112325,0.010417,1,1,6
KX112314,KX112326,0.010417,1,1,6
KX112314,KX112327,0.010684,1,1,6
KX112314,KX112328,0.014675,1,1,6
KX112314,KX112329,0.0125,1,1,6
KX112314,KX112330,0.010482,1,1,6
KX112314,KX112331,0.014583,1,1,6
KX112314,KX112332,0.008333,1,1,6
KX112314,KX112333,0.016667,1,1,6
KX112315,KX112316,0.016667,1,1,6
KX112315,KX112317,0.041667,1,1,6
KX112315,KX112318,0.0375,1,1,6
KX112315,KX112319,0.014583,1,1,6
KX112315,KX112320,0.016667,1,1,6
KX112315,KX112321,0.045833,1,1,6
KX112315,KX112322,0.0125,1,1,6
KX112315,KX112323,0.01875,1,1,6
KX112315,KX112324,0.01875,1,1,6
KX112315,KX112325,0.010417,1,1,6
KX112315,KX112326,0.01875,1,1,6
KX112315,KX112327,0.019231,1,1,6
KX112315,KX112328,0.023061,1,1,6
KX112315,KX112329,0.025,1,1,6
KX112315,KX112330,0.018868,1,1,6
KX112315,KX112331,0.027083,1,1,6
KX112315,KX112332,0.020833,1,1,6
KX112315,KX112333,0.029167,1,1,6
KX112316,KX112317,0.033333,1,1,6
KX112316,KX112318,0.035417,1,1,6
KX112316,KX112319,0.014583,1,1,6
KX112316,KX112320,0.016667,1,1,6
KX112316,KX112321,0.04375,1,1,6
KX112316,KX112322,0.0125,1,1,6
KX112316,KX112323,0.0125,1,1,6
KX112316,KX112324,0.0125,1,1,6
KX112316,KX112325,0.010417,1,1,6
KX112316,KX112326,0.014583,1,1,6
KX112316,KX112327,0.010684,1,1,6
KX112316,KX112328,0.010482,1,1,6
KX112316,KX112329,0.016667,1,1,6
KX112316,KX112330,0.014675,1,1,6
KX112316,KX112331,0.01875,1,1,6
KX112316,KX112332,0.0125,1,1,6
KX112316,KX112333,0.020833,1,1,6
KX112317,KX112319,0.035417,1,1,6
KX112317,KX112320,0.0375,1,1,6
KX112317,KX112321,0.05,1,1,6
KX112317,KX112322,0.033333,1,1,6
KX112317,KX112323,0.039583,1,1,6
KX112317,KX112324,0.039583,1,1,6
KX112317,KX112325,0.035417,1,1,6
KX112317,KX112326,0.039583,1,1,6
KX112317,KX112327,0.044872,1,1,6
KX112317,KX112328,0.044025,1,1,6
KX112317,KX112329,0.045833,1,1,6
KX112317,KX112330,0.039832,1,1,6
KX112317,KX112331,0.047917,1,1,6
KX112317,KX112332,0.041667,1,1,6
KX112317,KX112333,0.05,1,1,6
KX112318,KX112319,0.0375,1,1,6
KX112318,KX112320,0.039583,1,1,6
KX112318,KX112321,0.022917,1,1,6
KX112318,KX112322,0.035417,1,1,6
KX112318,KX112323,0.035417,1,1,6
KX112318,KX112324,0.035417,1,1,6
KX112318,KX112325,0.0375,1,1,6
KX112318,KX112326,0.0375,1,1,6
KX112318,KX112327,0.038462,1,1,6
KX112318,KX112328,0.041929,1,1,6
KX112318,KX112329,0.039583,1,1,6
KX112318,KX112330,0.037736,1,1,6
KX112318,KX112331,0.041667,1,1,6
KX112318,KX112332,0.035417,1,1,6
KX112318,KX112333,0.04375,1,1,6
KX112319,KX112320,0.00625,1,1,6
KX112319,KX112321,0.045833,1,1,6
KX112319,KX112322,0.002083,1,1,6
KX112319,KX112323,0.0125,1,1,6
KX112319,KX112324,0.0125,1,1,6
KX112319,KX112325,0.008333,1,1,6
KX112319,KX112326,0.0125,1,1,6
KX112319,KX112327,0.017094,1,1,6
KX112319,KX112328,0.020964,1,1,6
KX112319,KX112329,0.01875,1,1,6
KX112319,KX112330,0.012579,1,1,6
KX112319,KX112331,0.016667,1,1,6
KX112319,KX112332,0.010417,1,1,6
KX112319,KX112333,0.01875,1,1,6
KX112320,KX112321,0.047917,1,1,6
KX112320,KX112322,0.004167,1,1,6
KX112320,KX112323,0.014583,1,1,6
KX112320,KX112324,0.014583,1,1,6
KX112320,KX112325,0.010417,1,1,6
KX112320,KX112326,0.014583,1,1,6
KX112320,KX112327,0.017094,1,1,6
KX112320,KX112328,0.023061,1,1,6
KX112320,KX112329,0.020833,1,1,6
KX112320,KX112330,0.014675,1,1,6
KX112320,KX112331,0.01875,1,1,6
KX112320,KX112332,0.0125,1,1,6
KX112320,KX112333,0.020833,1,1,6
KX112321,KX112322,0.04375,1,1,6
KX112321,KX112323,0.04375,1,1,6
KX112321,KX112324,0.04375,1,1,6
KX112321,KX112325,0.045833,1,1,6
KX112321,KX112326,0.045833,1,1,6
KX112321,KX112327,0.047009,1,1,6
KX112321,KX112329,0.047917,1,1,6
KX112321,KX112330,0.046122,1,1,6
KX112321,KX112331,0.05,1,1,6
KX112321,KX112332,0.04375,1,1,6
KX112322,KX112323,0.010417,1,1,6
KX112322,KX112324,0.010417,1,1,6
KX112322,KX112325,0.00625,1,1,6
KX112322,KX112326,0.010417,1,1,6
KX112322,KX112327,0.014957,1,1,6
KX112322,KX112328,0.018868,1,1,6
KX112322,KX112329,0.016667,1,1,6
KX112322,KX112330,0.010482,1,1,6
KX112322,KX112331,0.014583,1,1,6
KX112322,KX112332,0.008333,1,1,6
KX112322,KX112333,0.016667,1,1,6
KX112323,KX112324,0.004167,1,1,6
KX112323,KX112325,0.0125,1,1,6
KX112323,KX112326,0.008333,1,1,6
KX112323,KX112327,0.010684,1,1,6
KX112323,KX112328,0.014675,1,1,6
KX112323,KX112329,0.0125,1,1,6
KX112323,KX112330,0.008386,1,1,6
KX112323,KX112331,0.014583,1,1,6
KX112323,KX112332,0.008333,1,1,6
KX112323,KX112333,0.016667,1,1,6
KX112324,KX112325,0.0125,1,1,6
KX112324,KX112326,0.008333,1,1,6
KX112324,KX112327,0.010684,1,1,6
KX112324,KX112328,0.014675,1,1,6
KX112324,KX112329,0.0125,1,1,6
KX112324,KX112330,0.008386,1,1,6
KX112324,KX112331,0.014583,1,1,6
KX112324,KX112332,0.008333,1,1,6
KX112324,KX112333,0.016667,1,1,6
KX112325,KX112326,0.0125,1,1,6
KX112325,KX112327,0.012821,1,1,6
KX112325,KX112328,0.016771,1,1,6
KX112325,KX112329,0.01875,1,1,6
KX112325,KX112330,0.012579,1,1,6
KX112325,KX112331,0.020833,1,1,6
KX112325,KX112332,0.014583,1,1,6
KX112325,KX112333,0.022917,1,1,6
KX112326,KX112327,0.012821,1,1,6
KX112326,KX112328,0.016771,1,1,6
KX112326,KX112329,0.014583,1,1,6
KX112326,KX112330,0.0,1,1,6
KX112326,KX112331,0.016667,1,1,6
KX112326,KX112332,0.010417,1,1,6
KX112326,KX112333,0.01875,1,1,6
KX112327,KX112328,0.004301,1,1,6
KX112327,KX112329,0.010684,1,1,6
KX112327,KX112330,0.012903,1,1,6
KX112327,KX112331,0.012821,1,1,6
KX112327,KX112332,0.00641,1,1,6
KX112327,KX112333,0.014957,1,1,6
KX112328,KX112329,0.014675,1,1,6
KX112328,KX112330,0.016771,1,1,6
KX112328,KX112331,0.016771,1,1,6
KX112328,KX112332,0.010482,1,1,6
KX112328,KX112333,0.018868,1,1,6
KX112329,KX112330,0.014675,1,1,6
KX112329,KX112331,0.002083,1,1,6
KX112329,KX112332,0.008333,1,1,6
KX112329,KX112333,0.008333,1,1,6
KX112330,KX112331,0.016771,1,1,6
KX112330,KX112332,0.010482,1,1,6
KX112330,KX112333,0.018868,1,1,6
KX112331,KX112332,0.00625,1,1,6
KX112331,KX112333,0.00625,1,1,6
KX112332,KX112333,0.008333,1,1,6
KX112455,KX112456,0.002083,1,1,7
KX112455,KX112457,0.0,1,1,7
KX112455,KX112458,0.002083,1,1,7
KX112455,KX112459,0.002083,1,1,7
KX112455,KX112460,0.0125,1,1,7
KX112455,KX112461,0.002083,1,1,7
KX112455,KX112462,0.002083,1,1,7
KX112455,KX112463,0.008333,1,1,7
KX112455,KX112464,0.010417,1,1,7
KX112455,KX112465,0.002083,1,1,7
KX112455,KX112466,0.00625,1,1,7
KX112455,KX112467,0.0125,1,1,7
KX112455,KX112468,0.002083,1,1,7
KX112455,KX112469,0.006263,1,1,7
KX112455,KX112470,0.004167,1,1,7
KX112455,KX112471,0.002083,1,1,7
KX112455,KX112472,0.002083,1,1,7
KX112455,KX112473,0.002083,1,1,7
KX112455,KX112474,0.004167,1,1,7
KX112455,KX112475,0.002083,1,1,7
KX112455,KX112476,0.00625,1,1,7
KX112455,KX112477,0.004167,1,1,7
KX112455,KX112478,0.00625,1,1,7
KX112455,KX112479,0.002083,1,1,7
KX112455,KX112480,0.002083,1,1,7
KX112455,KX112481,0.004167,1,1,7
KX112455,KX112482,0.002083,1,1,7
KX112455,KX112483,0.00625,1,1,7
KX112455,KX112484,0.00625,1,1,7
KX112456,KX112457,0.002083,1,1,7
KX112456,KX112458,0.0,1,1,7
KX112456,KX112459,0.0,1,1,7
KX112456,KX112460,0.014583,1,1,7
KX112456,KX112461,0.0,1,1,7
KX112456,KX112462,0.004167,1,1,7
KX112456,KX112463,0.00625,1,1,7
KX112456,KX112464,0.0125,1,1,7
KX112456,KX112465,0.0,1,1,7
KX112456,KX112466,0.008333,1,1,7
KX112456,KX112467,0.014583,1,1,7
KX112456,KX112468,0.0,1,1,7
KX112456,KX112469,0.004175,1,1,7
KX112456,KX112470,0.002083,1,1,7
KX112456,KX112471,0.0,1,1,7
KX112456,KX112472,0.0,1,1,7
KX112456,KX112473,0.0,1,1,7
KX112456,KX112474,0.002083,1,1,7
KX112456,KX112475,0.0,1,1,7
KX112456,KX112476,0.008333,1,1,7
KX112456,KX112477,0.00625,1,1,7
KX112456,KX112478,0.008333,1,1,7
KX112456,KX112479,0.004167,1,1,7
KX112456,KX112480,0.004167,1,1,7
KX112456,KX112481,0.00625,1,1,7
KX112456,KX112482,0.004167,1,1,7
KX112456,KX112483,0.008333,1,1,7
KX112456,KX112484,0.008333,1,1,7
KX112457,KX112458,0.002083,1,1,7
KX112457,KX112459,0.002083,1,1,7
KX112457,KX112460,0.0125,1,1,7
KX112457,KX112461,0.002083,1,1,7
KX112457,KX112462,0.002083,1,1,7
KX112457,KX112463,0.008333,1,1,7
KX112457,KX112464,0.010417,1,1,7
KX112457,KX112465,0.002083,1,1,7
KX112457,KX112466,0.00625,1,1,7
KX112457,KX112467,0.0125,1,1,7
KX112457,KX112468,0.002083,1,1,7
KX112457,KX112469,0.006263,1,1,7
KX112457,KX112470,0.004167,1,1,7
KX112457,KX112471,0.002083,1,1,7
KX112457,KX112472,0.002083,1,1,7
KX112457,KX112473,0.002083,1,1,7
KX112457,KX112474,0.004167,1,1,7
KX112457,KX112475,0.002083,1,1,7
KX112457,KX112476,0.00625,1,1,7
KX112457,KX112477,0.004167,1,1,7
KX112457,KX112478,0.00625,1,1,7
KX112457,KX112479,0.002083,1,1,7
KX112457,KX112480,0.002083,1,1,7
KX112457,KX112481,0.004167,1,1,7
KX112457,KX112482,0.002083,1,1,7
KX112457,KX112483,0.00625,1,1,7
KX112457,KX112484,0.00625,1,1,7
KX112458,KX112459,0.0,1,1,7
KX112458,KX112460,0.014583,1,1,7
KX112458,KX112461,0.0,1,1,7
KX112458,KX112462,0.004167,1,1,7
KX112458,KX112463,0.00625,1,1,7
KX112458,KX112464,0.0125,1,1,7
KX112458,KX112465,0.0,1,1,7
KX112458,KX112466,0.008333,1,1,7
KX112458,KX112467,0.014583,1,1,7
KX112458,KX112468,0.0,1,1,7
KX112458,KX112469,0.004175,1,1,7
KX112458,KX112470,0.002083,1,1,7
KX112458,KX112471,0.0,1,1,7
KX112458,KX112472,0.0,1,1,7
KX112458,KX112473,0.0,1,1,7
KX112458,KX112474,0.002083,1,1,7
KX112458,KX112475,0.0,1,1,7
KX112458,KX112476,0.008333,1,1,7
KX112458,KX112477,0.00625,1,1,7
KX112458,KX112478,0.008333,1,1,7
KX112458,KX112479,0.004167,1,1,7
KX112458,KX112480,0.004167,1,1,7
KX112458,KX112481,0.00625,1,1,7
KX112458,KX112482,0.004167,1,1,7
KX112458,KX112483,0.008333,1,1,7
KX112458,KX112484,0.008333,1,1,7
KX112459,KX112460,0.014583,1,1,7
KX112459,KX112461,0.0,1,1,7
KX112459,KX112462,0.004167,1,1,7
KX112459,KX112463,0.00625,1,1,7
KX112459,KX112464,0.0125,1,1,7
KX112459,KX112465,0.0,1,1,7
KX112459,KX112466,0.008333,1,1,7
KX112459,KX112467,0.014583,1,1,7
KX112459,KX112468,0.0,1,1,7
KX112459,KX112469,0.004175,1,1,7
KX112459,KX112470,0.002083,1,1,7
KX112459,KX112471,0.0,1,1,7
KX112459,KX112472,0.0,1,1,7
KX112459,KX112473,0.0,1,1,7
KX112459,KX112474,0.002083,1,1,7
KX112459,KX112475,0.0,1,1,7
KX112459,KX112476,0.008333,1,1,7
KX112459,KX112477,0.00625,1,1,7
KX112459,KX112478,0.008333,1,1,7
KX112459,KX112479,0.004167,1,1,7
KX112459,KX112480,0.004167,1,1,7
KX112459,KX112481,0.00625,1,1,7
KX112459,KX112482,0.004167,1,1,7
KX112459,KX112483,0.008333,1,1,7
KX112459,KX112484,0.008333,1,1,7
KX112460,KX112461,0.014583,1,1,7
KX112460,KX112462,0.010417,1,1,7
KX112460,KX112463,0.008333,1,1,7
KX112460,KX112464,0.002083,1,1,7
KX112460,KX112465,0.014583,1,1,7
KX112460,KX112466,0.010417,1,1,7
KX112460,KX112467,0.008333,1,1,7
KX112460,KX112468,0.014583,1,1,7
KX112460,KX112469,0.018789,1,1,7
KX112460,KX112470,0.016667,1,1,7
KX112460,KX112471,0.014583,1,1,7
KX112460,KX112472,0.014583,1,1,7
KX112460,KX112473,0.014583,1,1,7
KX112460,KX112474,0.016667,1,1,7
KX112460,KX112475,0.014583,1,1,7
KX112460,KX112476,0.00625,1,1,7
KX112460,KX112477,0.0125,1,1,7
KX112460,KX112478,0.00625,1,1,7
KX112460,KX112479,0.010417,1,1,7
KX112460,KX112480,0.010417,1,1,7
KX112460,KX112481,0.0125,1,1,7
KX112460,KX112482,0.010417,1,1,7
KX112460,KX112483,0.00625,1,1,7
KX112460,KX112484,0.010417,1,1,7
KX112461,KX112462,0.004167,1,1,7
KX112461,KX112463,0.00625,1,1,7
KX112461,KX112464,0.0125,1,1,7
KX112461,KX112465,0.0,1,1,7
KX112461,KX112466,0.008333,1,1,7
KX112461,KX112467,0.014583,1,1,7
KX112461,KX112468,0.0,1,1,7
KX112461,KX112469,0.004175,1,1,7
KX112461,KX112470,0.002083,1,1,7
KX112461,KX112471,0.0,1,1,7
KX112461,KX112472,0.0,1,1,7
KX112461,KX112473,0.0,1,1,7
KX112461,KX112474,0.002083,1,1,7
KX112461,KX112475,0.0,1,1,7
KX112461,KX112476,0.008333,1,1,7
KX112461,KX112477,0.00625,1,1,7
KX112461,KX112478,0.008333,1,1,7
KX112461,KX112479,0.004167,1,1,7
KX112461,KX112480,0.004167,1,1,7
KX112461,KX112481,0.00625,1,1,7
KX112461,KX112482,0.004167,1,1,7
KX112461,KX112483,0.008333,1,1,7
KX112461,KX112484,0.008333,1,1,7
KX112462,KX112463,0.010417,1,1,7
KX112462,KX112464,0.008333,1,1,7
KX112462,KX112465,0.004167,1,1,7
KX112462,KX112466,0.004167,1,1,7
KX112462,KX112467,0.014583,1,1,7
KX112462,KX112468,0.004167,1,1,7
KX112462,KX112469,0.008351,1,1,7
KX112462,KX112470,0.00625,1,1,7
KX112462,KX112471,0.004167,1,1,7
KX112462,KX112472,0.004167,1,1,7
KX112462,KX112473,0.004167,1,1,7
KX112462,KX112474,0.00625,1,1,7
KX112462,KX112475,0.004167,1,1,7
KX112462,KX112476,0.008333,1,1,7
KX112462,KX112477,0.00625,1,1,7
KX112462,KX112478,0.008333,1,1,7
KX112462,KX112479,0.004167,1,1,7
KX112462,KX112480,0.004167,1,1,7
KX112462,KX112481,0.00625,1,1,7
KX112462,KX112482,0.004167,1,1,7
KX112462,KX112483,0.008333,1,1,7
KX112462,KX112484,0.008333,1,1,7
KX112463,KX112464,0.00625,1,1,7
KX112463,KX112465,0.00625,1,1,7
KX112463,KX112466,0.014583,1,1,7
KX112463,KX112467,0.008333,1,1,7
KX112463,KX112468,0.00625,1,1,7
KX112463,KX112469,0.010438,1,1,7
KX112463,KX112470,0.008333,1,1,7
KX112463,KX112471,0.00625,1,1,7
KX112463,KX112472,0.00625,1,1,7
KX112463,KX112473,0.00625,1,1,7
KX112463,KX112474,0.008333,1,1,7
KX112463,KX112475,0.00625,1,1,7
KX112463,KX112476,0.00625,1,1,7
KX112463,KX112477,0.008333,1,1,7
KX112463,KX112478,0.00625,1,1,7
KX112463,KX112479,0.00625,1,1,7
KX112463,KX112480,0.00625,1,1,7
KX112463,KX112481,0.008333,1,1,7
KX112463,KX112482,0.00625,1,1,7
KX112463,KX112483,0.00625,1,1,7
KX112463,KX112484,0.010417,1,1,7
KX112464,KX112465,0.0125,1,1,7
KX112464,KX112466,0.008333,1,1,7
KX112464,KX112467,0.00625,1,1,7
KX112464,KX112468,0.0125,1,1,7
KX112464,KX112469,0.016701,1,1,7
KX112464,KX112470,0.014583,1,1,7
KX112464,KX112471,0.0125,1,1,7
KX112464,KX112472,0.0125,1,1,7
KX112464,KX112473,0.0125,1,1,7
KX112464,KX112474,0.014583,1,1,7
KX112464,KX112475,0.0125,1,1,7
KX112464,KX112476,0.004167,1,1,7
KX112464,KX112477,0.010417,1,1,7
KX112464,KX112478,0.004167,1,1,7
KX112464,KX112479,0.008333,1,1,7
KX112464,KX112480,0.008333,1,1,7
KX112464,KX112481,0.010417,1,1,7
KX112464,KX112482,0.008333,1,1,7
KX112464,KX112483,0.004167,1,1,7
KX112464,KX112484,0.008333,1,1,7
KX112465,KX112466,0.008333,1,1,7
KX112465,KX112467,0.014583,1,1,7
KX112465,KX112468,0.0,1,1,7
KX112465,KX112469,0.004175,1,1,7
KX112465,KX112470,0.002083,1,1,7
KX112465,KX112471,0.0,1,1,7
KX112465,KX112472,0.0,1,1,7
KX112465,KX112473,0.0,1,1,7
KX112465,KX112474,0.002083,1,1,7
KX112465,KX112475,0.0,1,1,7
KX112465,KX112476,0.008333,1,1,7
KX112465,KX112477,0.00625,1,1,7
KX112465,KX112478,0.008333,1,1,7
KX112465,KX112479,0.004167,1,1,7
KX112465,KX112480,0.004167,1,1,7
KX112465,KX112481,0.00625,1,1,7
KX112465,KX112482,0.004167,1,1,7
KX112465,KX112483,0.008333,1,1,7
KX112465,KX112484,0.008333,1,1,7
KX112466,KX112467,0.014583,1,1,7
KX112466,KX112468,0.008333,1,1,7
KX112466,KX112469,0.012526,1,1,7
KX112466,KX112470,0.010417,1,1,7
KX112466,KX112471,0.008333,1,1,7
KX112466,KX112472,0.008333,1,1,7
KX112466,KX112473,0.008333,1,1,7
KX112466,KX112474,0.010417,1,1,7
KX112466,KX112475,0.008333,1,1,7
KX112466,KX112476,0.008333,1,1,7
KX112466,KX112477,0.010417,1,1,7
KX112466,KX112478,0.008333,1,1,7
KX112466,KX112479,0.008333,1,1,7
KX112466,KX112480,0.008333,1,1,7
KX112466,KX112481,0.010417,1,1,7
KX112466,KX112482,0.008333,1,1,7
KX112466,KX112483,0.008333,1,1,7
KX112466,KX112484,0.008333,1,1,7
KX112467,KX112468,0.014583,1,1,7
KX112467,KX112469,0.018789,1,1,7
KX112467,KX112470,0.016667,1,1,7
KX112467,KX112471,0.014583,1,1,7
KX112467,KX112472,0.014583,1,1,7
KX112467,KX112473,0.014583,1,1,7
KX112467,KX112474,0.016667,1,1,7
KX112467,KX112475,0.014583,1,1,7
KX112467,KX112476,0.00625,1,1,7
KX112467,KX112477,0.0125,1,1,7
KX112467,KX112478,0.00625,1,1,7
KX112467,KX112479,0.010417,1,1,7
KX112467,KX112480,0.010417,1,1,7
KX112467,KX112481,0.0125,1,1,7
KX112467,KX112482,0.010417,1,1,7
KX112467,KX112483,0.00625,1,1,7
KX112467,KX112484,0.010417,1,1,7
KX112468,KX112469,0.004175,1,1,7
KX112468,KX112470,0.002083,1,1,7
KX112468,KX112471,0.0,1,1,7
KX112468,KX112472,0.0,1,1,7
KX112468,KX112473,0.0,1,1,7
KX112468,KX112474,0.002083,1,1,7
KX112468,KX112475,0.0,1,1,7
KX112468,KX112476,0.008333,1,1,7
KX112468,KX112477,0.00625,1,1,7
KX112468,KX112478,0.008333,1,1,7
KX112468,KX112479,0.004167,1,1,7
KX112468,KX112480,0.004167,1,1,7
KX112468,KX112481,0.00625,1,1,7
KX112468,KX112482,0.004167,1,1,7
KX112468,KX112483,0.008333,1,1,7
KX112468,KX112484,0.008333,1,1,7
KX112469,KX112470,0.006263,1,1,7
KX112469,KX112471,0.004175,1,1,7
KX112469,KX112472,0.004175,1,1,7
KX112469,KX112473,0.004175,1,1,7
KX112469,KX112474,0.006263,1,1,7
KX112469,KX112475,0.004175,1,1,7
KX112469,KX112476,0.012526,1,1,7
KX112469,KX112477,0.010438,1,1,7
KX112469,KX112478,0.012526,1,1,7
KX112469,KX112479,0.008351,1,1,7
KX112469,KX112480,0.008351,1,1,7
KX112469,KX112481,0.010438,1,1,7
KX112469,KX112482,0.008351,1,1,7
KX112469,KX112483,0.012526,1,1,7
KX112469,KX112484,0.012526,1,1,7
KX112470,KX112471,0.002083,1,1,7
KX112470,KX112472,0.002083,1,1,7
KX112470,KX112473,0.002083,1,1,7
KX112470,KX112474,0.004167,1,1,7
KX112470,KX112475,0.002083,1,1,7
KX112470,KX112476,0.010417,1,1,7
KX112470,KX112477,0.008333,1,1,7
KX112470,KX112478,0.010417,1,1,7
KX112470,KX112479,0.00625,1,1,7
KX112470,KX112480,0.00625,1,1,7
KX112470,KX112481,0.008333,1,1,7
KX112470,KX112482,0.00625,1,1,7
KX112470,KX112483,0.010417,1,1,7
KX112470,KX112484,0.010417,1,1,7
KX112471,KX112472,0.0,1,1,7
KX112471,KX112473,0.0,1,1,7
KX112471,KX112474,0.002083,1,1,7
KX112471,KX112475,0.0,1,1,7
KX112471,KX112476,0.008333,1,1,7
KX112471,KX112477,0.00625,1,1,7
KX112471,KX112478,0.008333,1,1,7
KX112471,KX112479,0.004167,1,1,7
KX112471,KX112480,0.004167,1,1,7
KX112471,KX112481,0.00625,1,1,7
KX112471,KX112482,0.004167,1,1,7
KX112471,KX112483,0.008333,1,1,7
KX112471,KX112484,0.008333,1,1,7
KX112472,KX112473,0.0,1,1,7
KX112472,KX112474,0.002083,1,1,7
KX112472,KX112475,0.0,1,1,7
KX112472,KX112476,0.008333,1,1,7
KX112472,KX112477,0.00625,1,1,7
KX112472,KX112478,0.008333,1,1,7
KX112472,KX112479,0.004167,1,1,7
KX112472,KX112480,0.004167,1,1,7
KX112472,KX112481,0.00625,1,1,7
KX112472,KX112482,0.004167,1,1,7
KX112472,KX112483,0.008333,1,1,7
KX112472,KX112484,0.008333,1,1,7
KX112473,KX112474,0.002083,1,1,7
KX112473,KX112475,0.0,1,1,7
KX112473,KX112476,0.008333,1,1,7
KX112473,KX112477,0.00625,1,1,7
KX112473,KX112478,0.008333,1,1,7
KX112473,KX112479,0.004167,1,1,7
KX112473,KX112480,0.004167,1,1,7
KX112473,KX112481,0.00625,1,1,7
KX112473,KX112482,0.004167,1,1,7
KX112473,KX112483,0.008333,1,1,7
KX112473,KX112484,0.008333,1,1,7
KX112474,KX112475,0.002083,1,1,7
KX112474,KX112476,0.010417,1,1,7
KX112474,KX112477,0.008333,1,1,7
KX112474,KX112478,0.010417,1,1,7
KX112474,KX112479,0.00625,1,1,7
KX112474,KX112480,0.00625,1,1,7
KX112474,KX112481,0.008333,1,1,7
KX112474,KX112482,0.00625,1,1,7
KX112474,KX112483,0.010417,1,1,7
KX112474,KX112484,0.010417,1,1,7
KX112475,KX112476,0.008333,1,1,7
KX112475,KX112477,0.00625,1,1,7
KX112475,KX112478,0.008333,1,1,7
KX112475,KX112479,0.004167,1,1,7
KX112475,KX112480,0.004167,1,1,7
KX112475,KX112481,0.00625,1,1,7
KX112475,KX112482,0.004167,1,1,7
KX112475,KX112483,0.008333,1,1,7
KX112475,KX112484,0.008333,1,1,7
KX112476,KX112477,0.00625,1,1,7
KX112476,KX112478,0.0,1,1,7
KX112476,KX112479,0.004167,1,1,7
KX112476,KX112480,0.004167,1,1,7
KX112476,KX112481,0.00625,1,1,7
KX112476,KX112482,0.004167,1,1,7
KX112476,KX112483,0.0,1,1,7
KX112476,KX112484,0.004167,1,1,7
KX112477,KX112478,0.00625,1,1,7
KX112477,KX112479,0.002083,1,1,7
KX112477,KX112480,0.002083,1,1,7
KX112477,KX112481,0.004167,1,1,7
KX112477,KX112482,0.002083,1,1,7
KX112477,KX112483,0.00625,1,1,7
KX112477,KX112484,0.00625,1,1,7
KX112478,KX112479,0.004167,1,1,7
KX112478,KX112480,0.004167,1,1,7
KX112478,KX112481,0.00625,1,1,7
KX112478,KX112482,0.004167,1,1,7
KX112478,KX112483,0.0,1,1,7
KX112478,KX112484,0.004167,1,1,7
KX112479,KX112480,0.0,1,1,7
KX112479,KX112481,0.002083,1,1,7
KX112479,KX112482,0.0,1,1,7
KX112479,KX112483,0.004167,1,1,7
KX112479,KX112484,0.004167,1,1,7
KX112480,KX112481,0.002083,1,1,7
KX112480,KX112482,0.0,1,1,7
KX112480,KX112483,0.004167,1,1,7
KX112480,KX112484,0.004167,1,1,7
KX112481,KX112482,0.002083,1,1,7
KX112481,KX112483,0.00625,1,1,7
KX112481,KX112484,0.00625,1,1,7
KX112482,KX112483,0.004167,1,1,7
KX112482,KX112484,0.004167,1,1,7
KX112483,KX112484,0.004167,1,1,7
KX112752,KX112753,0.0,1,1,8
KX112752,KX112754,0.0,1,1,8
KX112752,KX112755,0.0,1,1,8
KX112752,KX112756,0.0,1,1,8
KX112752,KX112757,0.0,1,1,8
KX112752,KX112758,0.0,1,1,8
KX112752,KX112759,0.0,1,1,8
KX112752,KX112760,0.0,1,1,8
KX112752,KX112761,0.002083,1,1,8
KX112752,KX112762,0.002083,1,1,8
KX112752,KX112763,0.0,1,1,8
KX112752,KX112764,0.0,1,1,8
KX112752,KX112765,0.0,1,1,8
KX112752,KX112766,0.0,1,1,8
KX112752,KX112767,0.002083,1,1,8
KX112752,KX112768,0.0,1,1,8
KX112752,KX112769,0.0,1,1,8
KX112752,KX112770,0.0,1,1,8
KX112752,KX112771,0.0,1,1,8
KX112752,KX112772,0.002083,1,1,8
KX112752,KX112773,0.0,1,1,8
KX112752,KX112774,0.0,1,1,8
KX112752,KX112775,0.002083,1,1,8
KX112752,KX112776,0.002083,1,1,8
KX112753,KX112754,0.0,1,1,8
KX112753,KX112755,0.0,1,1,8
KX112753,KX112756,0.0,1,1,8
KX112753,KX112757,0.0,1,1,8
KX112753,KX112758,0.0,1,1,8
KX112753,KX112759,0.0,1,1,8
KX112753,KX112760,0.0,1,1,8
KX112753,KX112761,0.002083,1,1,8
KX112753,KX112762,0.002083,1,1,8
KX112753,KX112763,0.0,1,1,8
KX112753,KX112764,0.0,1,1,8
KX112753,KX112765,0.0,1,1,8
KX112753,KX112766,0.0,1,1,8
KX112753,KX112767,0.002083,1,1,8
KX112753,KX112768,0.0,1,1,8
KX112753,KX112769,0.0,1,1,8
KX112753,KX112770,0.0,1,1,8
KX112753,KX112771,0.0,1,1,8
KX112753,KX112772,0.002083,1,1,8
KX112753,KX112773,0.0,1,1,8
KX112753,KX112774,0.0,1,1,8
KX112753,KX112775,0.002083,1,1,8
KX112753,KX112776,0.002083,1,1,8
KX112754,KX112755,0.0,1,1,8
KX112754,KX112756,0.0,1,1,8
KX112754,KX112757,0.0,1,1,8
KX112754,KX112758,0.0,1,1,8
KX112754,KX112759,0.0,1,1,8
KX112754,KX112760,0.0,1,1,8
KX112754,KX112761,0.002083,1,1,8
KX112754,KX112762,0.002083,1,1,8
KX112754,KX112763,0.0,1,1,8
KX112754,KX112764,0.0,1,1,8
KX112754,KX112765,0.0,1,1,8
KX112754,KX112766,0.0,1,1,8
KX112754,KX112767,0.002083,1,1,8
KX112754,KX112768,0.0,1,1,8
KX112754,KX112769,0.0,1,1,8
KX112754,KX112770,0.0,1,1,8
KX112754,KX112771,0.0,1,1,8
KX112754,KX112772,0.002083,1,1,8
KX112754,KX112773,0.0,1,1,8
KX112754,KX112774,0.0,1,1,8
KX112754,KX112775,0.002083,1,1,8
KX112754,KX112776,0.002083,1,1,8
KX112755,KX112756,0.0,1,1,8
KX112755,KX112757,0.0,1,1,8
KX112755,KX112758,0.0,1,1,8
KX112755,KX112759,0.0,1,1,8
KX112755,KX112760,0.0,1,1,8
KX112755,KX112761,0.002083,1,1,8
KX112755,KX112762,0.002083,1,1,8
KX112755,KX112763,0.0,1,1,8
KX112755,KX112764,0.0,1,1,8
KX112755,KX112765,0.0,1,1,8
KX112755,KX112766,0.0,1,1,8
KX112755,KX112767,0.002083,1,1,8
KX112755,KX112768,0.0,1,1,8
KX112755,KX112769,0.0,1,1,8
KX112755,KX112770,0.0,1,1,8
KX112755,KX112771,0.0,1,1,8
KX112755,KX112772,0.002083,1,1,8
KX112755,KX112773,0.0,1,1,8
KX112755,KX112774,0.0,1,1,8
KX112755,KX112775,0.002083,1,1,8
KX112755,KX112776,0.002083,1,1,8
KX112756,KX112757,0.0,1,1,8
KX112756,KX112758,0.0,1,1,8
KX112756,KX112759,0.0,1,1,8
KX112756,KX112760,0.0,1,1,8
KX112756,KX112761,0.002083,1,1,8
KX112756,KX112762,0.002083,1,1,8
KX112756,KX112763,0.0,1,1,8
KX112756,KX112764,0.0,1,1,8
KX112756,KX112765,0.0,1,1,8
KX112756,KX112766,0.0,1,1,8
KX112756,KX112767,0.002083,1,1,8
KX112756,KX112768,0.0,1,1,8
KX112756,KX112769,0.0,1,1,8
KX112756,KX112770,0.0,1,1,8
KX112756,KX112771,0.0,1,1,8
KX112756,KX112772,0.002083,1,1,8
KX112756,KX112773,0.0,1,1,8
KX112756,KX112774,0.0,1,1,8
KX112756,KX112775,0.002083,1,1,8
KX112756,KX112776,0.002083,1,1,8
KX112757,KX112758,0.0,1,1,8
KX112757,KX112759,0.0,1,1,8
KX112757,KX112760,0.0,1,1,8
KX112757,KX112761,0.002083,1,1,8
KX112757,KX112762,0.002083,1,1,8
KX112757,KX112763,0.0,1,1,8
KX112757,KX112764,0.0,1,1,8
KX112757,KX112765,0.0,1,1,8
KX112757,KX112766,0.0,1,1,8
KX112757,KX112767,0.002083,1,1,8
KX112757,KX112768,0.0,1,1,8
KX112757,KX112769,0.0,1,1,8
KX112757,KX112770,0.0,1,1,8
KX112757,KX112771,0.0,1,1,8
KX112757,KX112772,0.002083,1,1,8
KX112757,KX112773,0.0,1,1,8
KX112757,KX112774,0.0,1,1,8
KX112757,KX112775,0.002083,1,1,8
KX112757,KX112776,0.002083,1,1,8
KX112758,KX112759,0.0,1,1,8
KX112758,KX112760,0.0,1,1,8
KX112758,KX112761,0.002083,1,1,8
KX112758,KX112762,0.002083,1,1,8
KX112758,KX112763,0.0,1,1,8
KX112758,KX112764,0.0,1,1,8
KX112758,KX112765,0.0,1,1,8
KX112758,KX112766,0.0,1,1,8
KX112758,KX112767,0.002083,1,1,8
KX112758,KX112768,0.0,1,1,8
KX112758,KX112769,0.0,1,1,8
KX112758,KX112770,0.0,1,1,8
KX112758,KX112771,0.0,1,1,8
KX112758,KX112772,0.002083,1,1,8
KX112758,KX112773,0.0,1,1,8
KX112758,KX112774,0.0,1,1,8
KX112758,KX112775,0.002083,1,1,8
KX112758,KX112776,0.002083,1,1,8
KX112759,KX112760,0.0,1,1,8
KX112759,KX112761,0.002083,1,1,8
KX112759,KX112762,0.002083,1,1,8
KX112759,KX112763,0.0,1,1,8
KX112759,KX112764,0.0,1,1,8
KX112759,KX112765,0.0,1,1,8
KX112759,KX112766,0.0,1,1,8
KX112759,KX112767,0.002083,1,1,8
KX112759,KX112768,0.0,1,1,8
KX112759,KX112769,0.0,1,1,8
KX112759,KX112770,0.0,1,1,8
KX112759,KX112771,0.0,1,1,8
KX112759,KX112772,0.002083,1,1,8
KX112759,KX112773,0.0,1,1,8
KX112759,KX112774,0.0,1,1,8
KX112759,KX112775,0.002083,1,1,8
KX112759,KX112776,0.002083,1,1,8
KX112760,KX112761,0.002083,1,1,8
KX112760,KX112762,0.002083,1,1,8
KX112760,KX112763,0.0,1,1,8
KX112760,KX112764,0.0,1,1,8
KX112760,KX112765,0.0,1,1,8
KX112760,KX112766,0.0,1,1,8
KX112760,KX112767,0.002083,1,1,8
KX112760,KX112768,0.0,1,1,8
KX112760,KX112769,0.0,1,1,8
KX112760,KX112770,0.0,1,1,8
KX112760,KX112771,0.0,1,1,8
KX112760,KX112772,0.002083,1,1,8
KX112760,KX112773,0.0,1,1,8
KX112760,KX112774,0.0,1,1,8
KX112760,KX112775,0.002083,1,1,8
KX112760,KX112776,0.002083,1,1,8
KX112761,KX112762,0.004167,1,1,8
KX112761,KX112763,0.002083,1,1,8
KX112761,KX112764,0.002083,1,1,8
KX112761,KX112765,0.002083,1,1,8
KX112761,KX112766,0.002083,1,1,8
KX112761,KX112767,0.004167,1,1,8
KX112761,KX112768,0.002083,1,1,8
KX112761,KX112769,0.002083,1,1,8
KX112761,KX112770,0.002083,1,1,8
KX112761,KX112771,0.002083,1,1,8
KX112761,KX112772,0.004167,1,1,8
KX112761,KX112773,0.002083,1,1,8
KX112761,KX112774,0.002083,1,1,8
KX112761,KX112775,0.004167,1,1,8
KX112761,KX112776,0.004167,1,1,8
KX112762,KX112763,0.002083,1,1,8
KX112762,KX112764,0.002083,1,1,8
KX112762,KX112765,0.002083,1,1,8
KX112762,KX112766,0.002083,1,1,8
KX112762,KX112767,0.004167,1,1,8
KX112762,KX112768,0.002083,1,1,8
KX112762,KX112769,0.002083,1,1,8
KX112762,KX112770,0.002083,1,1,8
KX112762,KX112771,0.002083,1,1,8
KX112762,KX112772,0.004167,1,1,8
KX112762,KX112773,0.002083,1,1,8
KX112762,KX112774,0.002083,1,1,8
KX112762,KX112775,0.0,1,1,8
KX112762,KX112776,0.004167,1,1,8
KX112763,KX112764,0.0,1,1,8
KX112763,KX112765,0.0,1,1,8
KX112763,KX112766,0.0,1,1,8
KX112763,KX112767,0.002083,1,1,8
KX112763,KX112768,0.0,1,1,8
KX112763,KX112769,0.0,1,1,8
KX112763,KX112770,0.0,1,1,8
KX112763,KX112771,0.0,1,1,8
KX112763,KX112772,0.002083,1,1,8
KX112763,KX112773,0.0,1,1,8
KX112763,KX112774,0.0,1,1,8
KX112763,KX112775,0.002083,1,1,8
KX112763,KX112776,0.002083,1,1,8
KX112764,KX112765,0.0,1,1,8
KX112764,KX112766,0.0,1,1,8
KX112764,KX112767,0.002083,1,1,8
KX112764,KX112768,0.0,1,1,8
KX112764,KX112769,0.0,1,1,8
KX112764,KX112770,0.0,1,1,8
KX112764,KX112771,0.0,1,1,8
KX112764,KX112772,0.002083,1,1,8
KX112764,KX112773,0.0,1,1,8
KX112764,KX112774,0.0,1,1,8
KX112764,KX112775,0.002083,1,1,8
KX112764,KX112776,0.002083,1,1,8
KX112765,KX112766,0.0,1,1,8
KX112765,KX112767,0.002083,1,1,8
KX112765,KX112768,0.0,1,1,8
KX112765,KX112769,0.0,1,1,8
KX112765,KX112770,0.0,1,1,8
KX112765,KX112771,0.0,1,1,8
KX112765,KX112772,0.002083,1,1,8
KX112765,KX112773,0.0,1,1,8
KX112765,KX112774,0.0,1,1,8
KX112765,KX112775,0.002083,1,1,8
KX112765,KX112776,0.002083,1,1,8
KX112766,KX112767,0.002083,1,1,8
KX112766,KX112768,0.0,1,1,8
KX112766,KX112769,0.0,1,1,8
KX112766,KX112770,0.0,1,1,8
KX112766,KX112771,0.0,1,1,8
KX112766,KX112772,0.002083,1,1,8
KX112766,KX112773,0.0,1,1,8
KX112766,KX112774,0.0,1,1,8
KX112766,KX112775,0.002083,1,1,8
KX112766,KX112776,0.002083,1,1,8
KX112767,KX112768,0.002083,1,1,8
KX112767,KX112769,0.002083,1,1,8
KX112767,KX112770,0.002083,1,1,8
KX112767,KX112771,0.002083,1,1,8
KX112767,KX112772,0.004167,1,1,8
KX112767,KX112773,0.002083,1,1,8
KX112767,KX112774,0.002083,1,1,8
KX112767,KX112775,0.004167,1,1,8
KX112767,KX112776,0.004167,1,1,8
KX112768,KX112769,0.0,1,1,8
KX112768,KX112770,0.0,1,1,8
KX112768,KX112771,0.0,1,1,8
KX112768,KX112772,0.002083,1,1,8
KX112768,KX112773,0.0,1,1,8
KX112768,KX112774,0.0,1,1,8
KX112768,KX112775,0.002083,1,1,8
KX112768,KX112776,0.002083,1,1,8
KX112769,KX112770,0.0,1,1,8
KX112769,KX112771,0.0,1,1,8
KX112769,KX112772,0.002083,1,1,8
KX112769,KX112773,0.0,1,1,8
KX112769,KX112774,0.0,1,1,8
KX112769,KX112775,0.002083,1,1,8
KX112769,KX112776,0.002083,1,1,8
KX112770,KX112771,0.0,1,1,8
KX112770,KX112772,0.002083,1,1,8
KX112770,KX112773,0.0,1,1,8
KX112770,KX112774,0.0,1,1,8
KX112770,KX112775,0.002083,1,1,8
KX112770,KX112776,0.002083,1,1,8
KX112771,KX112772,0.002083,1,1,8
KX112771,KX112773,0.0,1,1,8
KX112771,KX112774,0.0,1,1,8
KX112771,KX112775,0.002083,1,1,8
KX112771,KX112776,0.002083,1,1,8
KX112772,KX112773,0.002083,1,1,8
KX112772,KX112774,0.002083,1,1,8
KX112772,KX112775,0.004167,1,1,8
KX112772,KX112776,0.004167,1,1,8
KX112773,KX112774,0.0,1,1,8
KX112773,KX112775,0.002083,1,1,8
KX112773,KX112776,0.002083,1,1,8
KX112774,KX112775,0.002083,1,1,8
KX112774,KX112776,0.002083,1,1,8
KX112775,KX112776,0.004167,1,1,8
KX112777,KX112778,0.025,1,1,9
KX112777,KX112779,0.025,1,1,9
KX112777,KX112780,0.025,1,1,9
KX112777,KX112781,0.027083,1,1,9
KX112778,KX112779,0.0,1,1,9
KX112778,KX112780,0.0,1,1,9
KX112778,KX112781,0.002083,1,1,9
KX112779,KX112780,0.0,1,1,9
KX112779,KX112781,0.002083,1,1,9
KX112780,KX112781,0.002083,1,1,9
KX112967,KX112968,0.010482,1,1,10
KX112967,KX112969,0.037975,1,1,10
KX112967,KX112970,0.004193,1,1,10
KX112967,KX112971,0.033543,1,1,10
KX112967,KX112972,0.014675,1,1,10
KX112967,KX112973,0.0,1,1,10
KX112967,KX112974,0.037736,1,1,10
KX112967,KX112975,0.035639,1,1,10
KX112967,KX112976,0.033543,1,1,10
KX112967,KX112977,0.006289,1,1,10
KX112967,KX112978,0.002096,1,1,10
KX112967,KX112979,0.033543,1,1,10
KX112967,KX112980,0.037736,1,1,10
KX112967,KX112981,0.033543,1,1,10
KX112967,KX112982,0.035639,1,1,10
KX112967,KX112983,0.033543,1,1,10
KX112967,KX112984,0.035639,1,1,10
KX112967,KX112985,0.037736,1,1,10
KX112967,KX112986,0.006289,1,1,10
KX112967,KX112987,0.037736,1,1,10
KX112967,KX112988,0.033543,1,1,10
KX112967,KX112989,0.037736,1,1,10
KX112967,KX112990,0.02935,1,1,10
KX112967,KX112991,0.027254,1,1,10
KX112967,KX112992,0.02935,1,1,10
KX112967,KX112993,0.02935,1,1,10
KX112967,KX112994,0.027254,1,1,10
KX112967,KX112995,0.027254,1,1,10
KX112967,KX112996,0.02935,1,1,10
KX112968,KX112969,0.039832,1,1,10
KX112968,KX112970,0.014583,1,1,10
KX112968,KX112971,0.035417,1,1,10
KX112968,KX112972,0.025,1,1,10
KX112968,KX112973,0.010417,1,1,10
KX112968,KX112974,0.039583,1,1,10
KX112968,KX112975,0.0375,1,1,10
KX112968,KX112976,0.035417,1,1,10
KX112968,KX112977,0.016667,1,1,10
KX112968,KX112978,0.0125,1,1,10
KX112968,KX112979,0.035417,1,1,10
KX112968,KX112980,0.047917,1,1,10
KX112968,KX112981,0.035417,1,1,10
KX112968,KX112982,0.045833,1,1,10
KX112968,KX112983,0.035417,1,1,10
KX112968,KX112984,0.045833,1,1,10
KX112968,KX112985,0.04375,1,1,10
KX112968,KX112986,0.016667,1,1,10
KX112968,KX112987,0.039583,1,1,10
KX112968,KX112988,0.035417,1,1,10
KX112968,KX112989,0.035417,1,1,10
KX112968,KX112990,0.039583,1,1,10
KX112968,KX112991,0.0375,1,1,10
KX112968,KX112992,0.039583,1,1,10
KX112968,KX112993,0.039583,1,1,10
KX112968,KX112994,0.0375,1,1,10
KX112968,KX112995,0.0375,1,1,10
KX112968,KX112996,0.039583,1,1,10
KX112969,KX112970,0.041929,1,1,10
KX112969,KX112971,0.004193,1,1,10
KX112969,KX112972,0.048218,1,1,10
KX112969,KX112973,0.037736,1,1,10
KX112969,KX112974,0.012579,1,1,10
KX112969,KX112975,0.006289,1,1,10
KX112969,KX112976,0.004193,1,1,10
KX112969,KX112977,0.044025,1,1,10
KX112969,KX112978,0.039832,1,1,10
KX112969,KX112979,0.004193,1,1,10
KX112969,KX112980,0.02935,1,1,10
KX112969,KX112981,0.004193,1,1,10
KX112969,KX112982,0.027254,1,1,10
KX112969,KX112983,0.004193,1,1,10
KX112969,KX112984,0.027254,1,1,10
KX112969,KX112985,0.012579,1,1,10
KX112969,KX112986,0.044025,1,1,10
KX112969,KX112987,0.008386,1,1,10
KX112969,KX112988,0.004193,1,1,10
KX112969,KX112989,0.008386,1,1,10
KX112969,KX112990,0.046122,1,1,10
KX112969,KX112991,0.044025,1,1,10
KX112969,KX112992,0.046122,1,1,10
KX112969,KX112993,0.046122,1,1,10
KX112969,KX112994,0.044025,1,1,10
KX112969,KX112995,0.044025,1,1,10
KX112969,KX112996,0.046122,1,1,10
KX112970,KX112971,0.0375,1,1,10
KX112970,KX112972,0.01875,1,1,10
KX112970,KX112973,0.004167,1,1,10
KX112970,KX112974,0.041667,1,1,10
KX112970,KX112975,0.039583,1,1,10
KX112970,KX112976,0.0375,1,1,10
KX112970,KX112977,0.002083,1,1,10
KX112970,KX112978,0.002083,1,1,10
KX112970,KX112979,0.0375,1,1,10
KX112970,KX112980,0.041667,1,1,10
KX112970,KX112981,0.0375,1,1,10
KX112970,KX112982,0.039583,1,1,10
KX112970,KX112983,0.0375,1,1,10
KX112970,KX112984,0.039583,1,1,10
KX112970,KX112985,0.041667,1,1,10
KX112970,KX112986,0.010417,1,1,10
KX112970,KX112987,0.041667,1,1,10
KX112970,KX112988,0.0375,1,1,10
KX112970,KX112989,0.041667,1,1,10
KX112970,KX112990,0.033333,1,1,10
KX112970,KX112991,0.03125,1,1,10
KX112970,KX112992,0.033333,1,1,10
KX112970,KX112993,0.033333,1,1,10
KX112970,KX112994,0.03125,1,1,10
KX112970,KX112995,0.03125,1,1,10
KX112970,KX112996,0.033333,1,1,10
KX112971,KX112972,0.04375,1,1,10
KX112971,KX112973,0.033333,1,1,10
KX112971,KX112974,0.008333,1,1,10
KX112971,KX112975,0.002083,1,1,10
KX112971,KX112976,0.0,1,1,10
KX112971,KX112977,0.039583,1,1,10
KX112971,KX112978,0.035417,1,1,10
KX112971,KX112979,0.0,1,1,10
KX112971,KX112980,0.025,1,1,10
KX112971,KX112981,0.0,1,1,10
KX112971,KX112982,0.022917,1,1,10
KX112971,KX112983,0.0,1,1,10
KX112971,KX112984,0.022917,1,1,10
KX112971,KX112985,0.008333,1,1,10
KX112971,KX112986,0.039583,1,1,10
KX112971,KX112987,0.004167,1,1,10
KX112971,KX112988,0.0,1,1,10
KX112971,KX112989,0.004167,1,1,10
KX112971,KX112990,0.041667,1,1,10
KX112971,KX112991,0.039583,1,1,10
KX112971,KX112992,0.041667,1,1,10
KX112971,KX112993,0.041667,1,1,10
KX112971,KX112994,0.039583,1,1,10
KX112971,KX112995,0.039583,1,1,10
KX112971,KX112996,0.041667,1,1,10
KX112972,KX112973,0.014583,1,1,10
KX112972,KX112974,0.039583,1,1,10
KX112972,KX112975,0.045833,1,1,10
KX112972,KX112976,0.04375,1,1,10
KX112972,KX112977,0.020833,1,1,10
KX112972,KX112978,0.016667,1,1,10
KX112972,KX112979,0.04375,1,1,10
KX112972,KX112980,0.029167,1,1,10
KX112972,KX112981,0.04375,1,1,10
KX112972,KX112982,0.025,1,1,10
KX112972,KX112983,0.04375,1,1,10
KX112972,KX112984,0.025,1,1,10
KX112972,KX112985,0.047917,1,1,10
KX112972,KX112986,0.0125,1,1,10
KX112972,KX112987,0.04375,1,1,10
KX112972,KX112988,0.04375,1,1,10
KX112972,KX112989,0.047917,1,1,10
KX112972,KX112990,0.04375,1,1,10
KX112972,KX112991,0.041667,1,1,10
KX112972,KX112992,0.04375,1,1,10
KX112972,KX112993,0.04375,1,1,10
KX112972,KX112994,0.041667,1,1,10
KX112972,KX112995,0.041667,1,1,10
KX112972,KX112996,0.04375,1,1,10
KX112973,KX112974,0.0375,1,1,10
KX112973,KX112975,0.035417,1,1,10
KX112973,KX112976,0.033333,1,1,10
KX112973,KX112977,0.00625,1,1,10
KX112973,KX112978,0.002083,1,1,10
KX112973,KX112979,0.033333,1,1,10
KX112973,KX112980,0.0375,1,1,10
KX112973,KX112981,0.033333,1,1,10
KX112973,KX112982,0.035417,1,1,10
KX112973,KX112983,0.033333,1,1,10
KX112973,KX112984,0.035417,1,1,10
KX112973,KX112985,0.0375,1,1,10
KX112973,KX112986,0.00625,1,1,10
KX112973,KX112987,0.0375,1,1,10
KX112973,KX112988,0.033333,1,1,10
KX112973,KX112989,0.0375,1,1,10
KX112973,KX112990,0.029167,1,1,10
KX112973,KX112991,0.027083,1,1,10
KX112973,KX112992,0.029167,1,1,10
KX112973,KX112993,0.029167,1,1,10
KX112973,KX112994,0.027083,1,1,10
KX112973,KX112995,0.027083,1,1,10
KX112973,KX112996,0.029167,1,1,10
KX112974,KX112975,0.010417,1,1,10
KX112974,KX112976,0.008333,1,1,10
KX112974,KX112977,0.04375,1,1,10
KX112974,KX112978,0.039583,1,1,10
KX112974,KX112979,0.008333,1,1,10
KX112974,KX112980,0.020833,1,1,10
KX112974,KX112981,0.008333,1,1,10
KX112974,KX112982,0.01875,1,1,10
KX112974,KX112983,0.008333,1,1,10
KX112974,KX112984,0.01875,1,1,10
KX112974,KX112985,0.016667,1,1,10
KX112974,KX112986,0.035417,1,1,10
KX112974,KX112987,0.0125,1,1,10
KX112974,KX112988,0.008333,1,1,10
KX112974,KX112989,0.0125,1,1,10
KX112974,KX112990,0.045833,1,1,10
KX112974,KX112991,0.04375,1,1,10
KX112974,KX112992,0.045833,1,1,10
KX112974,KX112993,0.045833,1,1,10
KX112974,KX112994,0.04375,1,1,10
KX112974,KX112995,0.04375,1,1,10
KX112974,KX112996,0.045833,1,1,10
KX112975,KX112976,0.002083,1,1,10
KX112975,KX112977,0.041667,1,1,10
KX112975,KX112978,0.0375,1,1,10
KX112975,KX112979,0.002083,1,1,10
KX112975,KX112980,0.027083,1,1,10
KX112975,KX112981,0.002083,1,1,10
KX112975,KX112982,0.025,1,1,10
KX112975,KX112983,0.002083,1,1,10
KX112975,KX112984,0.025,1,1,10
KX112975,KX112985,0.010417,1,1,10
KX112975,KX112986,0.041667,1,1,10
KX112975,KX112987,0.00625,1,1,10
KX112975,KX112988,0.002083,1,1,10
KX112975,KX112989,0.00625,1,1,10
KX112975,KX112990,0.039583,1,1,10
KX112975,KX112991,0.041667,1,1,10
KX112975,KX112992,0.04375,1,1,10
KX112975,KX112993,0.04375,1,1,10
KX112975,KX112994,0.041667,1,1,10
KX112975,KX112995,0.041667,1,1,10
KX112975,KX112996,0.04375,1,1,10
KX112976,KX112977,0.039583,1,1,10
KX112976,KX112978,0.035417,1,1,10
KX112976,KX112979,0.0,1,1,10
KX112976,KX112980,0.025,1,1,10
KX112976,KX112981,0.0,1,1,10
KX112976,KX112982,0.022917,1,1,10
KX112976,KX112983,0.0,1,1,10
KX112976,KX112984,0.022917,1,1,10
KX112976,KX112985,0.008333,1,1,10
KX112976,KX112986,0.039583,1,1,10
KX112976,KX112987,0.004167,1,1,10
KX112976,KX112988,0.0,1,1,10
KX112976,KX112989,0.004167,1,1,10
KX112976,KX112990,0.041667,1,1,10
KX112976,KX112991,0.039583,1,1,10
KX112976,KX112992,0.041667,1,1,10
KX112976,KX112993,0.041667,1,1,10
KX112976,KX112994,0.039583,1,1,10
KX112976,KX112995,0.039583,1,1,10
KX112976,KX112996,0.041667,1,1,10
KX112977,KX112978,0.004167,1,1,10
KX112977,KX112979,0.039583,1,1,10
KX112977,KX112980,0.04375,1,1,10
KX112977,KX112981,0.039583,1,1,10
KX112977,KX112982,0.041667,1,1,10
KX112977,KX112983,0.039583,1,1,10
KX112977,KX112984,0.041667,1,1,10
KX112977,KX112985,0.04375,1,1,10
KX112977,KX112986,0.0125,1,1,10
KX112977,KX112987,0.04375,1,1,10
KX112977,KX112988,0.039583,1,1,10
KX112977,KX112989,0.04375,1,1,10
KX112977,KX112990,0.035417,1,1,10
KX112977,KX112991,0.033333,1,1,10
KX112977,KX112992,0.035417,1,1,10
KX112977,KX112993,0.035417,1,1,10
KX112977,KX112994,0.033333,1,1,10
KX112977,KX112995,0.033333,1,1,10
KX112977,KX112996,0.035417,1,1,10
KX112978,KX112979,0.035417,1,1,10
KX112978,KX112980,0.039583,1,1,10
KX112978,KX112981,0.035417,1,1,10
KX112978,KX112982,0.0375,1,1,10
KX112978,KX112983,0.035417,1,1,10
KX112978,KX112984,0.0375,1,1,10
KX112978,KX112985,0.039583,1,1,10
KX112978,KX112986,0.008333,1,1,10
KX112978,KX112987,0.039583,1,1,10
KX112978,KX112988,0.035417,1,1,10
KX112978,KX112989,0.039583,1,1,10
KX112978,KX112990,0.03125,1,1,10
KX112978,KX112991,0.029167,1,1,10
KX112978,KX112992,0.03125,1,1,10
KX112978,KX112993,0.03125,1,1,10
KX112978,KX112994,0.029167,1,1,10
KX112978,KX112995,0.029167,1,1,10
KX112978,KX112996,0.03125,1,1,10
KX112979,KX112980,0.025,1,1,10
KX112979,KX112981,0.0,1,1,10
KX112979,KX112982,0.022917,1,1,10
KX112979,KX112983,0.0,1,1,10
KX112979,KX112984,0.022917,1,1,10
KX112979,KX112985,0.008333,1,1,10
KX112979,KX112986,0.039583,1,1,10
KX112979,KX112987,0.004167,1,1,10
KX112979,KX112988,0.0,1,1,10
KX112979,KX112989,0.004167,1,1,10
KX112979,KX112990,0.041667,1,1,10
KX112979,KX112991,0.039583,1,1,10
KX112979,KX112992,0.041667,1,1,10
KX112979,KX112993,0.041667,1,1,10
KX112979,KX112994,0.039583,1,1,10
KX112979,KX112995,0.039583,1,1,10
KX112979,KX112996,0.041667,1,1,10
KX112980,KX112981,0.025,1,1,10
KX112980,KX112982,0.004167,1,1,10
KX112980,KX112983,0.025,1,1,10
KX112980,KX112984,0.004167,1,1,10
KX112980,KX112985,0.029167,1,1,10
KX112980,KX112986,0.035417,1,1,10
KX112980,KX112987,0.025,1,1,10
KX112980,KX112988,0.025,1,1,10
KX112980,KX112989,0.029167,1,1,10
KX112980,KX112990,0.04375,1,1,10
KX112980,KX112991,0.041667,1,1,10
KX112980,KX112992,0.04375,1,1,10
KX112980,KX112993,0.04375,1,1,10
KX112980,KX112994,0.041667,1,1,10
KX112980,KX112995,0.041667,1,1,10
KX112980,KX112996,0.04375,1,1,10
KX112981,KX112982,0.022917,1,1,10
KX112981,KX112983,0.0,1,1,10
KX112981,KX112984,0.022917,1,1,10
KX112981,KX112985,0.008333,1,1,10
KX112981,KX112986,0.039583,1,1,10
KX112981,KX112987,0.004167,1,1,10
KX112981,KX112988,0.0,1,1,10
KX112981,KX112989,0.004167,1,1,10
KX112981,KX112990,0.041667,1,1,10
KX112981,KX112991,0.039583,1,1,10
KX112981,KX112992,0.041667,1,1,10
KX112981,KX112993,0.041667,1,1,10
KX112981,KX112994,0.039583,1,1,10
KX112981,KX112995,0.039583,1,1,10
KX112981,KX112996,0.041667,1,1,10
KX112982,KX112983,0.022917,1,1,10
KX112982,KX112984,0.0,1,1,10
KX112982,KX112985,0.027083,1,1,10
KX112982,KX112986,0.033333,1,1,10
KX112982,KX112987,0.022917,1,1,10
KX112982,KX112988,0.022917,1,1,10
KX112982,KX112989,0.027083,1,1,10
KX112982,KX112990,0.041667,1,1,10
KX112982,KX112991,0.039583,1,1,10
KX112982,KX112992,0.041667,1,1,10
KX112982,KX112993,0.041667,1,1,10
KX112982,KX112994,0.039583,1,1,10
KX112982,KX112995,0.039583,1,1,10
KX112982,KX112996,0.041667,1,1,10
KX112983,KX112984,0.022917,1,1,10
KX112983,KX112985,0.008333,1,1,10
KX112983,KX112986,0.039583,1,1,10
KX112983,KX112987,0.004167,1,1,10
KX112983,KX112988,0.0,1,1,10
KX112983,KX112989,0.004167,1,1,10
KX112983,KX112990,0.041667,1,1,10
KX112983,KX112991,0.039583,1,1,10
KX112983,KX112992,0.041667,1,1,10
KX112983,KX112993,0.041667,1,1,10
KX112983,KX112994,0.039583,1,1,10
KX112983,KX112995,0.039583,1,1,10
KX112983,KX112996,0.041667,1,1,10
KX112984,KX112985,0.027083,1,1,10
KX112984,KX112986,0.033333,1,1,10
KX112984,KX112987,0.022917,1,1,10
KX112984,KX112988,0.022917,1,1,10
KX112984,KX112989,0.027083,1,1,10
KX112984,KX112990,0.041667,1,1,10
KX112984,KX112991,0.039583,1,1,10
KX112984,KX112992,0.041667,1,1,10
KX112984,KX112993,0.041667,1,1,10
KX112984,KX112994,0.039583,1,1,10
KX112984,KX112995,0.039583,1,1,10
KX112984,KX112996,0.041667,1,1,10
KX112985,KX112986,0.04375,1,1,10
KX112985,KX112987,0.0125,1,1,10
KX112985,KX112988,0.008333,1,1,10
KX112985,KX112989,0.0125,1,1,10
KX112985,KX112990,0.045833,1,1,10
KX112985,KX112991,0.04375,1,1,10
KX112985,KX112992,0.045833,1,1,10
KX112985,KX112993,0.045833,1,1,10
KX112985,KX112994,0.04375,1,1,10
KX112985,KX112995,0.04375,1,1,10
KX112985,KX112996,0.045833,1,1,10
KX112986,KX112987,0.04375,1,1,10
KX112986,KX112988,0.039583,1,1,10
KX112986,KX112989,0.04375,1,1,10
KX112986,KX112990,0.035417,1,1,10
KX112986,KX112991,0.033333,1,1,10
KX112986,KX112992,0.035417,1,1,10
KX112986,KX112993,0.035417,1,1,10
KX112986,KX112994,0.033333,1,1,10
KX112986,KX112995,0.033333,1,1,10
KX112986,KX112996,0.035417,1,1,10
KX112987,KX112988,0.004167,1,1,10
KX112987,KX112989,0.008333,1,1,10
KX112987,KX112990,0.045833,1,1,10
KX112987,KX112991,0.04375,1,1,10
KX112987,KX112992,0.045833,1,1,10
KX112987,KX112993,0.045833,1,1,10
KX112987,KX112994,0.04375,1,1,10
KX112987,KX112995,0.04375,1,1,10
KX112987,KX112996,0.045833,1,1,10
KX112988,KX112989,0.004167,1,1,10
KX112988,KX112990,0.041667,1,1,10
KX112988,KX112991,0.039583,1,1,10
KX112988,KX112992,0.041667,1,1,10
KX112988,KX112993,0.041667,1,1,10
KX112988,KX112994,0.039583,1,1,10
KX112988,KX112995,0.039583,1,1,10
KX112988,KX112996,0.041667,1,1,10
KX112989,KX112990,0.045833,1,1,10
KX112989,KX112991,0.04375,1,1,10
KX112989,KX112992,0.045833,1,1,10
KX112989,KX112993,0.045833,1,1,10
KX112989,KX112994,0.04375,1,1,10
KX112989,KX112995,0.04375,1,1,10
KX112989,KX112996,0.045833,1,1,10
KX112990,KX112991,0.002083,1,1,10
KX112990,KX112992,0.004167,1,1,10
KX112990,KX112993,0.004167,1,1,10
KX112990,KX112994,0.002083,1,1,10
KX112990,KX112995,0.002083,1,1,10
KX112990,KX112996,0.004167,1,1,10
KX112991,KX112992,0.002083,1,1,10
KX112991,KX112993,0.002083,1,1,10
KX112991,KX112994,0.0,1,1,10
KX112991,KX112995,0.0,1,1,10
KX112991,KX112996,0.002083,1,1,10
KX112992,KX112993,0.004167,1,1,10
KX112992,KX112994,0.002083,1,1,10
KX112992,KX112995,0.002083,1,1,10
KX112992,KX112996,0.004167,1,1,10
KX112993,KX112994,0.002083,1,1,10
KX112993,KX112995,0.002083,1,1,10
KX112993,KX112996,0.004167,1,1,10
KX112994,KX112995,0.0,1,1,10
KX112994,KX112996,0.002083,1,1,10
KX112995,KX112996,0.002083,1,1,10
